tax_code,year,section,level,group,name,slug,unit,code_ul,code_fl,col_ul,col_fl,sort_order
tn,2006,1,0,,"Количество налогоплательщиков, которым(и) начислен налог к уплате в бюджет, единиц",s1--количество-налогоплательщиков-которым-и-начислен-налог-к-уплате-в-бюджет-единиц,единиц,010,010,1,2,1
tn,2006,2,0,,"Количество транспортных средств в базе данных налогового органа - всего, единиц, в том числе:",s2--количество-транспортных-средств-в-базе-данных-налогового-органа-всего-единиц-в-том-числе,единиц,020,020,1,2,2
tn,2006,2,1,,наземных транспортных средств,s2--наземных-транспортных-средств,единиц,030,030,1,2,3
tn,2006,2,1,,из них зарегистрированных в подразделениях Госавтоинспекции МВД России,s2--из-них-зарегистрированных-в-подразделениях-госавтоинспекции-мвд-россии,единиц,040,040,1,2,4
tn,2006,2,1,,водных транспортных средств,s2--водных-транспортных-средств,единиц,050,050,1,2,5
tn,2006,2,1,,воздушных транспортных средств,s2--воздушных-транспортных-средств,единиц,060,060,1,2,6
tn,2006,3,0,,"Количество транспортных средств, по которым начислен налог к уплате в бюджет - всего, единиц, в том числе:",s3--количество-транспортных-средств-по-которым-начислен-налог-к-уплате-в-бюджет-всего-единиц-в-том-числе,единиц,070,070,1,2,7
tn,2006,3,1,,наземных транспортных средств,s3--наземных-транспортных-средств,единиц,080,080,1,2,8
tn,2006,3,1,,из них зарегистрированных в подразделениях Госавтоинспекции МВД России,s3--из-них-зарегистрированных-в-подразделениях-госавтоинспекции-мвд-россии,единиц,090,090,1,2,9
tn,2006,3,1,,водных транспортных средств,s3--водных-транспортных-средств,единиц,100,100,1,2,10
tn,2006,3,1,,воздушных транспортных средств,s3--воздушных-транспортных-средств,единиц,110,110,1,2,11
tn,2006,4,0,,"Сумма налога, подлежащая уплате в бюджет - всего, тыс. руб.., в том числе:",s4--сумма-налога-подлежащая-уплате-в-бюджет-всего-тыс-руб-в-том-числе,тыс. руб.,120,120,1,2,12
tn,2006,4,1,,по наземным транспортным средствам,s4--по-наземным-транспортным-средствам,тыс. руб.,130,130,1,2,13
tn,2006,4,1,,по водным транспортным средствам,s4--по-водным-транспортным-средствам,тыс. руб.,140,140,1,2,14
tn,2006,4,1,,по воздушным транспортным средствам,s4--по-воздушным-транспортным-средствам,тыс. руб.,150,150,1,2,15
tn,2006,5,0,,"Сумма налога, не поступившая в бюджет в связи с предоставлением налогоплательщикам налоговых льгот, в том числе:",s5--сумма-налога-не-поступившая-в-бюджет-в-связи-с-предоставлением-налогоплательщикам-налоговых-льгот-в-том-числе,тыс. руб.,200,200,1,2,16
tn,2007,1,0,,"Количество налогоплательщиков, которым(и) начислен налог к уплате в бюджет, единиц",s1--количество-налогоплательщиков-которым-и-начислен-налог-к-уплате-в-бюджет-единиц,единиц,1010,2010,,,1
tn,2007,2,0,,"Количество транспортных средств в базе данных налогового органа - всего, единиц, в том числе:",s2--количество-транспортных-средств-в-базе-данных-налогового-органа-всего-единиц-в-том-числе,единиц,1020,2020,,,2
tn,2007,2,1,,наземных транспортных средств,s2--наземных-транспортных-средств,единиц,1030,2030,,,3
tn,2007,2,1,,из них зарегистрированных в подразделениях Госавтоинспекции МВД России,s2--из-них-зарегистрированных-в-подразделениях-госавтоинспекции-мвд-россии,единиц,1040,2040,,,4
tn,2007,2,1,,водных транспортных средств,s2--водных-транспортных-средств,единиц,1050,2050,,,5
tn,2007,2,1,,воздушных транспортных средств,s2--воздушных-транспортных-средств,единиц,1060,2060,,,6
tn,2007,3,0,,"Количество транспортных средств, по которым начислен налог к уплате в бюджет - всего, единиц, в том числе:",s3--количество-транспортных-средств-по-которым-начислен-налог-к-уплате-в-бюджет-всего-единиц-в-том-числе,единиц,1070,2070,,,7
tn,2007,3,1,,наземных транспортных средств,s3--наземных-транспортных-средств,единиц,1080,2080,,,8
tn,2007,3,1,,из них зарегистрированных в подразделениях Госавтоинспекции МВД России,s3--из-них-зарегистрированных-в-подразделениях-госавтоинспекции-мвд-россии,единиц,1090,2090,,,9
tn,2007,3,1,,водных транспортных средств,s3--водных-транспортных-средств,единиц,1100,2100,,,10
tn,2007,3,1,,воздушных транспортных средств,s3--воздушных-транспортных-средств,единиц,1110,2110,,,11
tn,2007,4,0,,"Сумма налога, подлежащая уплате в бюджет - всего, тыс. руб.., в том числе:",s4--сумма-налога-подлежащая-уплате-в-бюджет-всего-тыс-руб-в-том-числе,тыс. руб.,1120,2120,,,12
tn,2007,4,1,,по наземным транспортным средствам,s4--по-наземным-транспортным-средствам,тыс. руб.,1130,2130,,,13
tn,2007,4,1,,по водным транспортным средствам,s4--по-водным-транспортным-средствам,тыс. руб.,1140,2140,,,14
tn,2007,4,1,,по воздушным транспортным средствам,s4--по-воздушным-транспортным-средствам,тыс. руб.,1150,2150,,,15
tn,2007,5,0,,"Сумма налога, не поступившая в бюджет в связи с предоставлением налогоплательщикам налоговых льгот, в том числе:",s5--сумма-налога-не-поступившая-в-бюджет-в-связи-с-предоставлением-налогоплательщикам-налоговых-льгот-в-том-числе,тыс. руб.,1200,2200,,,16
tn,2008,1,0,,"Количество налогоплательщиков, которым(и) начислен налог к уплате в бюджет, единиц",s1--количество-налогоплательщиков-которым-и-начислен-налог-к-уплате-в-бюджет-единиц,единиц,1010,2010,,,1
tn,2008,2,0,,"Количество транспортных средств в базе данных налогового органа - всего, единиц, в том числе:",s2--количество-транспортных-средств-в-базе-данных-налогового-органа-всего-единиц-в-том-числе,единиц,1020,2020,,,2
tn,2008,2,1,,наземных транспортных средств,s2--наземных-транспортных-средств,единиц,1030,2030,,,3
tn,2008,2,1,,из них зарегистрированных в подразделениях Госавтоинспекции МВД России,s2--из-них-зарегистрированных-в-подразделениях-госавтоинспекции-мвд-россии,единиц,1040,2040,,,4
tn,2008,2,1,,водных транспортных средств,s2--водных-транспортных-средств,единиц,1050,2050,,,5
tn,2008,2,1,,воздушных транспортных средств,s2--воздушных-транспортных-средств,единиц,1060,2060,,,6
tn,2008,3,0,,"Количество транспортных средств, по которым начислен налог к уплате в бюджет - всего, единиц, в том числе:",s3--количество-транспортных-средств-по-которым-начислен-налог-к-уплате-в-бюджет-всего-единиц-в-том-числе,единиц,1070,2070,,,7
tn,2008,3,1,,наземных транспортных средств,s3--наземных-транспортных-средств,единиц,1080,2080,,,8
tn,2008,3,1,,из них зарегистрированных в подразделениях Госавтоинспекции МВД России,s3--из-них-зарегистрированных-в-подразделениях-госавтоинспекции-мвд-россии,единиц,1090,2090,,,9
tn,2008,3,1,,водных транспортных средств,s3--водных-транспортных-средств,единиц,1100,2100,,,10
tn,2008,3,1,,воздушных транспортных средств,s3--воздушных-транспортных-средств,единиц,1110,2110,,,11
tn,2008,4,0,,"Сумма налога, подлежащая уплате в бюджет - всего, тыс. руб.., в том числе:",s4--сумма-налога-подлежащая-уплате-в-бюджет-всего-тыс-руб-в-том-числе,тыс. руб.,1120,2120,,,12
tn,2008,4,1,,по наземным транспортным средствам,s4--по-наземным-транспортным-средствам,тыс. руб.,1130,2130,,,13
tn,2008,4,1,,по водным транспортным средствам,s4--по-водным-транспортным-средствам,тыс. руб.,1140,2140,,,14
tn,2008,4,1,,по воздушным транспортным средствам,s4--по-воздушным-транспортным-средствам,тыс. руб.,1150,2150,,,15
tn,2008,5,0,,"Сумма налога, не поступившая в бюджет в связи с предоставлением налогоплательщикам налоговых льгот, в том числе:",s5--сумма-налога-не-поступившая-в-бюджет-в-связи-с-предоставлением-налогоплательщикам-налоговых-льгот-в-том-числе,тыс. руб.,1200,2200,,,16
tn,2009,1,0,,"Количество налогоплательщиков, которым(и) начислен налог к уплате в бюджет, единиц",s1--количество-налогоплательщиков-которым-и-начислен-налог-к-уплате-в-бюджет-единиц,единиц,1010,2010,,,1
tn,2009,2,0,,"Количество транспортных средств в базе данных налогового органа - всего, единиц, в том числе:",s2--количество-транспортных-средств-в-базе-данных-налогового-органа-всего-единиц-в-том-числе,единиц,1020,2020,,,2
tn,2009,2,1,,наземных транспортных средств,s2--наземных-транспортных-средств,единиц,1030,2030,,,3
tn,2009,2,1,,из них зарегистрированных в подразделениях Госавтоинспекции МВД России,s2--из-них-зарегистрированных-в-подразделениях-госавтоинспекции-мвд-россии,единиц,1040,2040,,,4
tn,2009,2,1,,водных транспортных средств,s2--водных-транспортных-средств,единиц,1050,2050,,,5
tn,2009,2,1,,воздушных транспортных средств,s2--воздушных-транспортных-средств,единиц,1060,2060,,,6
tn,2009,3,0,,"Количество транспортных средств, по которым начислен налог к уплате в бюджет - всего, единиц, в том числе:",s3--количество-транспортных-средств-по-которым-начислен-налог-к-уплате-в-бюджет-всего-единиц-в-том-числе,единиц,1070,2070,,,7
tn,2009,3,1,,наземных транспортных средств,s3--наземных-транспортных-средств,единиц,1080,2080,,,8
tn,2009,3,1,,из них зарегистрированных в подразделениях Госавтоинспекции МВД России,s3--из-них-зарегистрированных-в-подразделениях-госавтоинспекции-мвд-россии,единиц,1090,2090,,,9
tn,2009,3,1,,водных транспортных средств,s3--водных-транспортных-средств,единиц,1100,2100,,,10
tn,2009,3,1,,воздушных транспортных средств,s3--воздушных-транспортных-средств,единиц,1110,2110,,,11
tn,2009,4,0,,"Сумма налога, подлежащая уплате в бюджет - всего, тыс. руб.., в том числе:",s4--сумма-налога-подлежащая-уплате-в-бюджет-всего-тыс-руб-в-том-числе,тыс. руб.,1120,2120,,,12
tn,2009,4,1,,по наземным транспортным средствам,s4--по-наземным-транспортным-средствам,тыс. руб.,1130,2130,,,13
tn,2009,4,1,,по водным транспортным средствам,s4--по-водным-транспортным-средствам,тыс. руб.,1140,2140,,,14
tn,2009,4,1,,по воздушным транспортным средствам,s4--по-воздушным-транспортным-средствам,тыс. руб.,1150,2150,,,15
tn,2009,5,0,,"Сумма налога, не поступившая в бюджет в связи с предоставлением налогоплательщикам налоговых льгот, в том числе:",s5--сумма-налога-не-поступившая-в-бюджет-в-связи-с-предоставлением-налогоплательщикам-налоговых-льгот-в-том-числе,тыс. руб.,1160,2160,,,16
tn,2010,1,0,,"Количество налогоплательщиков, которым(и) начислен налог к уплате в бюджет, единиц",s1--количество-налогоплательщиков-которым-и-начислен-налог-к-уплате-в-бюджет-единиц,единиц,1010,2010,,,1
tn,2010,2,0,,"Количество транспортных средств в базе данных налогового органа - всего, единиц, в том числе:",s2--количество-транспортных-средств-в-базе-данных-налогового-органа-всего-единиц-в-том-числе,единиц,1020,2020,,,2
tn,2010,2,1,,наземных транспортных средств,s2--наземных-транспортных-средств,единиц,1030,2030,,,3
tn,2010,2,1,,из них зарегистрированных в подразделениях Госавтоинспекции МВД России,s2--из-них-зарегистрированных-в-подразделениях-госавтоинспекции-мвд-россии,единиц,1040,2040,,,4
tn,2010,2,1,,водных транспортных средств,s2--водных-транспортных-средств,единиц,1050,2050,,,5
tn,2010,2,1,,воздушных транспортных средств,s2--воздушных-транспортных-средств,единиц,1060,2060,,,6
tn,2010,3,0,,"Количество транспортных средств, по которым начислен налог к уплате в бюджет - всего, единиц, в том числе:",s3--количество-транспортных-средств-по-которым-начислен-налог-к-уплате-в-бюджет-всего-единиц-в-том-числе,единиц,1070,2070,,,7
tn,2010,3,1,,наземных транспортных средств,s3--наземных-транспортных-средств,единиц,1080,2080,,,8
tn,2010,3,1,,из них зарегистрированных в подразделениях Госавтоинспекции МВД России,s3--из-них-зарегистрированных-в-подразделениях-госавтоинспекции-мвд-россии,единиц,1090,2090,,,9
tn,2010,3,1,,водных транспортных средств,s3--водных-транспортных-средств,единиц,1100,2100,,,10
tn,2010,3,1,,воздушных транспортных средств,s3--воздушных-транспортных-средств,единиц,1110,2110,,,11
tn,2010,4,0,,"Сумма налога, подлежащая уплате в бюджет - всего, тыс. руб.., в том числе:",s4--сумма-налога-подлежащая-уплате-в-бюджет-всего-тыс-руб-в-том-числе,тыс. руб.,1120,2120,,,12
tn,2010,4,1,,по наземным транспортным средствам,s4--по-наземным-транспортным-средствам,тыс. руб.,1130,2130,,,13
tn,2010,4,1,,по водным транспортным средствам,s4--по-водным-транспортным-средствам,тыс. руб.,1140,2140,,,14
tn,2010,4,1,,по воздушным транспортным средствам,s4--по-воздушным-транспортным-средствам,тыс. руб.,1160,2160,,,15
tn,2010,5,0,,"Сумма налога, не поступившая в бюджет в связи с предоставлением налогоплательщикам налоговых льгот, в том числе:",s5--сумма-налога-не-поступившая-в-бюджет-в-связи-с-предоставлением-налогоплательщикам-налоговых-льгот-в-том-числе,тыс. руб.,1170,2170,,,16
tn,2011,1,0,,"Количество налогоплательщиков, которым(и) начислен налог к уплате в бюджет, единиц",s1--количество-налогоплательщиков-которым-и-начислен-налог-к-уплате-в-бюджет-единиц,единиц,1100,2100,,,1
tn,2011,1,1,,которым исчислен налог и не предоставлены налоговые льготы,s1--которым-исчислен-налог-и-не-предоставлены-налоговые-льготы,единиц,1110,2110,,,2
tn,2011,1,1,,которым предоставлены налоговые льготы,s1--которым-предоставлены-налоговые-льготы,единиц,1120,2120,,,3
tn,2011,2,0,,"Количество транспортных средств в базе данных налогового органа - всего, единиц, в том числе:",s2--количество-транспортных-средств-в-базе-данных-налогового-органа-всего-единиц-в-том-числе,единиц,1200,2200,,,4
tn,2011,2,1,,наземных транспортных средств,s2--наземных-транспортных-средств,единиц,1210,2210,,,5
tn,2011,2,1,,водных транспортных средств,s2--водных-транспортных-средств,единиц,1220,2220,,,6
tn,2011,2,1,,воздушных транспортных средств,s2--воздушных-транспортных-средств,единиц,1230,2230,,,7
tn,2011,3,0,,"Количество транспортных средств, по которым начислен налог к уплате в бюджет - всего, единиц, в том числе:",s3--количество-транспортных-средств-по-которым-начислен-налог-к-уплате-в-бюджет-всего-единиц-в-том-числе,единиц,1300,2300,,,8
tn,2011,3,1,,наземных транспортных средств,s3--наземных-транспортных-средств,единиц,1310,2310,,,9
tn,2011,3,2,,Автомобили легковые с мощностью двигателя:,s3--автомобили-легковые-с-мощностью-двигателя,единиц,1311,2311,,,10
tn,2011,3,3,Автомобили легковые с мощностью двигателя:,"до 100 л.с. (до 73,55 кВт) включительно",s3--автомобили-легковые-с-мощностью-двигателя--до-100-л-с-до-73-55-квт-включительно,единиц,1312,2312,,,11
tn,2011,3,3,Автомобили легковые с мощностью двигателя:,"свыше 100 л.с. до 150 л.с. (свыше 73,55 кВт до 110,33 кВт) включительно",s3--автомобили-легковые-с-мощностью-двигателя--свыше-100-л-с-до-150-л-с-свыше-73-55-квт-до-110-33-квт-включительно,единиц,1313,2313,,,12
tn,2011,3,3,Автомобили легковые с мощностью двигателя:,"свыше 150 л.с. до 200 л.с. (свыше 110,33 кВт до 147,1 кВт) включительно",s3--автомобили-легковые-с-мощностью-двигателя--свыше-150-л-с-до-200-л-с-свыше-110-33-квт-до-147-1-квт-включительно,единиц,1314,2314,,,13
tn,2011,3,3,Автомобили легковые с мощностью двигателя:,"свыше 200 л.с. до 250 л.с. (свыше 147,1 кВт до 183,9 кВт) включительно",s3--автомобили-легковые-с-мощностью-двигателя--свыше-200-л-с-до-250-л-с-свыше-147-1-квт-до-183-9-квт-включительно,единиц,1315,2315,,,14
tn,2011,3,3,Автомобили легковые с мощностью двигателя:,"свыше 250 л.с. (свыше 183,9 кВт)",s3--автомобили-легковые-с-мощностью-двигателя--свыше-250-л-с-свыше-183-9-квт,единиц,1316,2316,,,15
tn,2011,3,2,,Мотоциклы и мотороллеры с мощностью двигателя:,s3--мотоциклы-и-мотороллеры-с-мощностью-двигателя,единиц,1317,2317,,,16
tn,2011,3,3,Мотоциклы и мотороллеры с мощностью двигателя:,"до 20 л.с. (до 14,7 кВт) включительно",s3--до-20-л-с-до-14-7-квт-включительно,единиц,1318,2318,,,17
tn,2011,3,3,Мотоциклы и мотороллеры с мощностью двигателя:,"свыше 20 л.с. до 35 л.с. (свыше 14,7 кВт до 25,74 кВт) включительно",s3--свыше-20-л-с-до-35-л-с-свыше-14-7-квт-до-25-74-квт-включительно,единиц,1319,2319,,,18
tn,2011,3,1,,"свыше 35 л.с. (свыше 25,74 кВт)",s3--свыше-35-л-с-свыше-25-74-квт,единиц,1320,2320,,,19
tn,2011,3,2,,Автобусы с мощностью двигателя:,s3--автобусы-с-мощностью-двигателя,единиц,1321,2321,,,20
tn,2011,3,3,Автобусы с мощностью двигателя:,"до 200 л.с. (до 147,1 кВт) включительно",s3--до-200-л-с-до-147-1-квт-включительно,единиц,1322,2322,,,21
tn,2011,3,3,Автобусы с мощностью двигателя:,"свыше 200 л.с. (свыше 147,1 кВт)",s3--свыше-200-л-с-свыше-147-1-квт,единиц,1323,2323,,,22
tn,2011,3,2,,Автомобили грузовые с мощностью двигателя:,s3--автомобили-грузовые-с-мощностью-двигателя,единиц,1324,2324,,,23
tn,2011,3,3,Автомобили грузовые с мощностью двигателя:,"до 100 л.с. (до 73,55 кВт) включительно",s3--автомобили-грузовые-с-мощностью-двигателя--до-100-л-с-до-73-55-квт-включительно,единиц,1325,2325,,,24
tn,2011,3,3,Автомобили грузовые с мощностью двигателя:,"свыше 100 л.с. до 150 л.с. (свыше 73,55 кВт до 110,33 кВт) включительно",s3--автомобили-грузовые-с-мощностью-двигателя--свыше-100-л-с-до-150-л-с-свыше-73-55-квт-до-110-33-квт-включительно,единиц,1326,2326,,,25
tn,2011,3,3,Автомобили грузовые с мощностью двигателя:,"свыше 150 л.с. до 200 л.с. (свыше 110,33 кВт до 147,1 кВт) включительно",s3--автомобили-грузовые-с-мощностью-двигателя--свыше-150-л-с-до-200-л-с-свыше-110-33-квт-до-147-1-квт-включительно,единиц,1327,2327,,,26
tn,2011,3,3,Автомобили грузовые с мощностью двигателя:,"свыше 200 л.с. до 250 л.с. (свыше 147,1 кВт до 183,9 кВт) включительно",s3--автомобили-грузовые-с-мощностью-двигателя--свыше-200-л-с-до-250-л-с-свыше-147-1-квт-до-183-9-квт-включительно,единиц,1328,2328,,,27
tn,2011,3,3,Автомобили грузовые с мощностью двигателя:,"свыше 250 л.с. (свыше 183,9 кВт)",s3--автомобили-грузовые-с-мощностью-двигателя--свыше-250-л-с-свыше-183-9-квт,единиц,1329,2329,,,28
tn,2011,3,2,,"Другие самоходные транспортные средства, машины и механизмы на пневматическом и гусеничном ходу",s3--другие-самоходные-транспортные-средства-машины-и-механизмы-на-пневматическом-и-гусеничном-ходу,единиц,1330,2330,,,29
tn,2011,3,2,,"Снегоходы, мотосани с мощностью двигателя:",s3--снегоходы-мотосани-с-мощностью-двигателя,единиц,1331,2331,,,30
tn,2011,3,3,"Снегоходы, мотосани с мощностью двигателя:","до 50 л.с. (до 36,77 кВт) включительно",s3--до-50-л-с-до-36-77-квт-включительно,единиц,1332,2332,,,31
tn,2011,3,3,"Снегоходы, мотосани с мощностью двигателя:","свыше 50 л.с. (свыше 36,77 кВт)",s3--свыше-50-л-с-свыше-36-77-квт,единиц,1333,2333,,,32
tn,2011,3,3,"Снегоходы, мотосани с мощностью двигателя:",из них зарегистрированных в подразделениях Госавтоинспекции МВД России,s3--снегоходы-мотосани-с-мощностью-двигателя--из-них-зарегистрированных-в-подразделениях-госавтоинспекции-мвд-россии,единиц,1334,2334,,,33
tn,2011,3,1,,водных транспортных средств,s3--водных-транспортных-средств,единиц,1340,2340,,,34
tn,2011,3,2,,"Катера, моторные лодки и другие водные транспортные средства с мощностью двигателя:",s3--катера-моторные-лодки-и-другие-водные-транспортные-средства-с-мощностью-двигателя,единиц,1341,2341,,,35
tn,2011,3,3,"Катера, моторные лодки и другие водные транспортные средства с мощностью двигателя:","до 100 л.с. (до 73,55 кВт) включительно",s3--катера-моторные-лодки-и-другие-водные-транспортные-средства-с-мощностью-двигателя--до-100-л-с-до-73-55-квт-включительно,единиц,1342,2342,,,36
tn,2011,3,3,"Катера, моторные лодки и другие водные транспортные средства с мощностью двигателя:","свыше 100 л.с. (свыше 73,55 кВт)",s3--катера-моторные-лодки-и-другие-водные-транспортные-средства-с-мощностью-двигателя--свыше-100-л-с-свыше-73-55-квт,единиц,1343,2343,,,37
tn,2011,3,2,,Яхты и другие парусно - моторные суда с мощностью двигателя:,s3--яхты-и-другие-парусно-моторные-суда-с-мощностью-двигателя,единиц,1344,2344,,,38
tn,2011,3,3,Яхты и другие парусно - моторные суда с мощностью двигателя:,"до 100 л.с. (до 73,55 кВт) включительно",s3--яхты-и-другие-парусно-моторные-суда-с-мощностью-двигателя--до-100-л-с-до-73-55-квт-включительно,единиц,1345,2345,,,39
tn,2011,3,3,Яхты и другие парусно - моторные суда с мощностью двигателя:,"свыше 100 л.с. (свыше 73,55 кВт)",s3--яхты-и-другие-парусно-моторные-суда-с-мощностью-двигателя--свыше-100-л-с-свыше-73-55-квт,единиц,1346,2346,,,40
tn,2011,3,2,,Гидроциклы с мощностью двигателя:,s3--гидроциклы-с-мощностью-двигателя,единиц,1347,2347,,,41
tn,2011,3,3,Гидроциклы с мощностью двигателя:,"до 100 л.с. (до 73,55 кВт) включительно",s3--гидроциклы-с-мощностью-двигателя--до-100-л-с-до-73-55-квт-включительно,единиц,1348,2348,,,42
tn,2011,3,3,Гидроциклы с мощностью двигателя:,"свыше 100 л.с. (свыше 73,55 кВт)",s3--гидроциклы-с-мощностью-двигателя--свыше-100-л-с-свыше-73-55-квт,единиц,1349,2349,,,43
tn,2011,3,2,,"Несамоходные (буксируемые) суда, для которых определяется валовая вместимость (с каждой регистровой тонны валовой вместимости)",s3--несамоходные-буксируемые-суда-для-которых-определяется-валовая-вместимость-с-каждои-регистровои-тонны-валовои-вместимости,единиц,1350,2350,,,44
tn,2011,3,1,,воздушных транспортных средств,s3--воздушных-транспортных-средств,единиц,1360,2360,,,45
tn,2011,4,0,,"Сумма налога, подлежащая уплате в бюджет - всего, тыс. руб.., в том числе:",s4--сумма-налога-подлежащая-уплате-в-бюджет-всего-тыс-руб-в-том-числе,тыс. руб.,1400,2400,,,46
tn,2011,4,1,,по наземным транспортным средствам,s4--по-наземным-транспортным-средствам,тыс. руб.,1410,2410,,,47
tn,2011,4,2,,Автомобили легковые с мощностью двигателя:,s4--автомобили-легковые-с-мощностью-двигателя,тыс. руб.,1411,2411,,,48
tn,2011,4,3,Автомобили легковые с мощностью двигателя:,"до 100 л.с. (до 73,55 кВт) включительно",s4--автомобили-легковые-с-мощностью-двигателя--до-100-л-с-до-73-55-квт-включительно,тыс. руб.,1412,2412,,,49
tn,2011,4,3,Автомобили легковые с мощностью двигателя:,"свыше 100 л.с. до 150 л.с. (свыше 73,55 кВт до 110,33 кВт) включительно",s4--автомобили-легковые-с-мощностью-двигателя--свыше-100-л-с-до-150-л-с-свыше-73-55-квт-до-110-33-квт-включительно,тыс. руб.,1413,2413,,,50
tn,2011,4,3,Автомобили легковые с мощностью двигателя:,"свыше 150 л.с. до 200 л.с. (свыше 110,33 кВт до 147,1 кВт) включительно",s4--автомобили-легковые-с-мощностью-двигателя--свыше-150-л-с-до-200-л-с-свыше-110-33-квт-до-147-1-квт-включительно,тыс. руб.,1414,2414,,,51
tn,2011,4,3,Автомобили легковые с мощностью двигателя:,"свыше 200 л.с. до 250 л.с. (свыше 147,1 кВт до 183,9 кВт) включительно",s4--автомобили-легковые-с-мощностью-двигателя--свыше-200-л-с-до-250-л-с-свыше-147-1-квт-до-183-9-квт-включительно,тыс. руб.,1415,2415,,,52
tn,2011,4,3,Автомобили легковые с мощностью двигателя:,"свыше 250 л.с. (свыше 183,9 кВт)",s4--автомобили-легковые-с-мощностью-двигателя--свыше-250-л-с-свыше-183-9-квт,тыс. руб.,1416,2416,,,53
tn,2011,4,2,,Мотоциклы и мотороллеры с мощностью двигателя:,s4--мотоциклы-и-мотороллеры-с-мощностью-двигателя,тыс. руб.,1417,2417,,,54
tn,2011,4,3,Мотоциклы и мотороллеры с мощностью двигателя:,"до 20 л.с. (до 14,7 кВт) включительно",s4--до-20-л-с-до-14-7-квт-включительно,тыс. руб.,1418,2418,,,55
tn,2011,4,3,Мотоциклы и мотороллеры с мощностью двигателя:,"свыше 20 л.с. до 35 л.с. (свыше 14,7 кВт до 25,74 кВт) включительно",s4--свыше-20-л-с-до-35-л-с-свыше-14-7-квт-до-25-74-квт-включительно,тыс. руб.,1419,2419,,,56
tn,2011,4,1,,"свыше 35 л.с. (свыше 25,74 кВт)",s4--свыше-35-л-с-свыше-25-74-квт,тыс. руб.,1420,2420,,,57
tn,2011,4,2,,Автобусы с мощностью двигателя:,s4--автобусы-с-мощностью-двигателя,тыс. руб.,1421,2421,,,58
tn,2011,4,3,Автобусы с мощностью двигателя:,"до 200 л.с. (до 147,1 кВт) включительно",s4--до-200-л-с-до-147-1-квт-включительно,тыс. руб.,1422,2422,,,59
tn,2011,4,3,Автобусы с мощностью двигателя:,"свыше 200 л.с. (свыше 147,1 кВт)",s4--свыше-200-л-с-свыше-147-1-квт,тыс. руб.,1423,2423,,,60
tn,2011,4,2,,Автомобили грузовые с мощностью двигателя:,s4--автомобили-грузовые-с-мощностью-двигателя,тыс. руб.,1424,2424,,,61
tn,2011,4,3,Автомобили грузовые с мощностью двигателя:,"до 100 л.с. (до 73,55 кВт) включительно",s4--автомобили-грузовые-с-мощностью-двигателя--до-100-л-с-до-73-55-квт-включительно,тыс. руб.,1425,2425,,,62
tn,2011,4,3,Автомобили грузовые с мощностью двигателя:,"свыше 100 л.с. до 150 л.с. (свыше 73,55 кВт до 110,33 кВт) включительно",s4--автомобили-грузовые-с-мощностью-двигателя--свыше-100-л-с-до-150-л-с-свыше-73-55-квт-до-110-33-квт-включительно,тыс. руб.,1426,2426,,,63
tn,2011,4,3,Автомобили грузовые с мощностью двигателя:,"свыше 150 л.с. до 200 л.с. (свыше 110,33 кВт до 147,1 кВт) включительно",s4--автомобили-грузовые-с-мощностью-двигателя--свыше-150-л-с-до-200-л-с-свыше-110-33-квт-до-147-1-квт-включительно,тыс. руб.,1427,2427,,,64
tn,2011,4,3,Автомобили грузовые с мощностью двигателя:,"свыше 200 л.с. до 250 л.с. (свыше 147,1 кВт до 183,9 кВт) включительно",s4--автомобили-грузовые-с-мощностью-двигателя--свыше-200-л-с-до-250-л-с-свыше-147-1-квт-до-183-9-квт-включительно,тыс. руб.,1428,2428,,,65
tn,2011,4,3,Автомобили грузовые с мощностью двигателя:,"свыше 250 л.с. (свыше 183,9 кВт)",s4--автомобили-грузовые-с-мощностью-двигателя--свыше-250-л-с-свыше-183-9-квт,тыс. руб.,1429,2429,,,66
tn,2011,4,2,,"Другие самоходные транспортные средства, машины и механизмы на пневматическом и гусеничном ходу",s4--другие-самоходные-транспортные-средства-машины-и-механизмы-на-пневматическом-и-гусеничном-ходу,тыс. руб.,1430,2430,,,67
tn,2011,4,2,,"Снегоходы, мотосани с мощностью двигателя:",s4--снегоходы-мотосани-с-мощностью-двигателя,тыс. руб.,1431,2431,,,68
tn,2011,4,3,"Снегоходы, мотосани с мощностью двигателя:","до 50 л.с. (до 36,77 кВт) включительно",s4--до-50-л-с-до-36-77-квт-включительно,тыс. руб.,1432,2432,,,69
tn,2011,4,3,"Снегоходы, мотосани с мощностью двигателя:","свыше 50 л.с. (свыше 36,77 кВт)",s4--свыше-50-л-с-свыше-36-77-квт,тыс. руб.,1433,2433,,,70
tn,2011,4,3,"Снегоходы, мотосани с мощностью двигателя:",из них зарегистрированных в подразделениях Госавтоинспекции МВД России,s4--снегоходы-мотосани-с-мощностью-двигателя--из-них-зарегистрированных-в-подразделениях-госавтоинспекции-мвд-россии,тыс. руб.,1434,2434,,,71
tn,2011,4,1,,по водным транспортным средствам,s4--по-водным-транспортным-средствам,тыс. руб.,1440,2440,,,72
tn,2011,4,2,,"Катера, моторные лодки и другие водные транспортные средства с мощностью двигателя:",s4--катера-моторные-лодки-и-другие-водные-транспортные-средства-с-мощностью-двигателя,тыс. руб.,1441,2441,,,73
tn,2011,4,3,"Катера, моторные лодки и другие водные транспортные средства с мощностью двигателя:","до 100 л.с. (до 73,55 кВт) включительно",s4--катера-моторные-лодки-и-другие-водные-транспортные-средства-с-мощностью-двигателя--до-100-л-с-до-73-55-квт-включительно,тыс. руб.,1442,2442,,,74
tn,2011,4,3,"Катера, моторные лодки и другие водные транспортные средства с мощностью двигателя:","свыше 100 л.с. (свыше 73,55 кВт)",s4--катера-моторные-лодки-и-другие-водные-транспортные-средства-с-мощностью-двигателя--свыше-100-л-с-свыше-73-55-квт,тыс. руб.,1443,2443,,,75
tn,2011,4,2,,Яхты и другие парусно - моторные суда с мощностью двигателя:,s4--яхты-и-другие-парусно-моторные-суда-с-мощностью-двигателя,тыс. руб.,1444,2444,,,76
tn,2011,4,3,Яхты и другие парусно - моторные суда с мощностью двигателя:,"до 100 л.с. (до 73,55 кВт) включительно",s4--яхты-и-другие-парусно-моторные-суда-с-мощностью-двигателя--до-100-л-с-до-73-55-квт-включительно,тыс. руб.,1445,2445,,,77
tn,2011,4,3,Яхты и другие парусно - моторные суда с мощностью двигателя:,"свыше 100 л.с. (свыше 73,55 кВт)",s4--яхты-и-другие-парусно-моторные-суда-с-мощностью-двигателя--свыше-100-л-с-свыше-73-55-квт,тыс. руб.,1446,2446,,,78
tn,2011,4,2,,Гидроциклы с мощностью двигателя:,s4--гидроциклы-с-мощностью-двигателя,тыс. руб.,1447,2447,,,79
tn,2011,4,3,Гидроциклы с мощностью двигателя:,"до 100 л.с. (до 73,55 кВт) включительно",s4--гидроциклы-с-мощностью-двигателя--до-100-л-с-до-73-55-квт-включительно,тыс. руб.,1448,2448,,,80
tn,2011,4,3,Гидроциклы с мощностью двигателя:,"свыше 100 л.с. (свыше 73,55 кВт)",s4--гидроциклы-с-мощностью-двигателя--свыше-100-л-с-свыше-73-55-квт,тыс. руб.,1449,2449,,,81
tn,2011,4,2,,"Несамоходные (буксируемые) суда, для которых определяется валовая вместимость (с каждой регистровой тонны валовой вместимости)",s4--несамоходные-буксируемые-суда-для-которых-определяется-валовая-вместимость-с-каждои-регистровои-тонны-валовои-вместимости,тыс. руб.,1450,2450,,,82
tn,2011,4,1,,по воздушным транспортным средствам,s4--по-воздушным-транспортным-средствам,тыс. руб.,1460,2460,,,83
tn,2011,5,0,,"Сумма налога, не поступившая в бюджет в связи с предоставлением налогоплательщикам налоговых льгот, в том числе:",s5--сумма-налога-не-поступившая-в-бюджет-в-связи-с-предоставлением-налогоплательщикам-налоговых-льгот-в-том-числе,тыс. руб.,1500,2500,,,84
tn,2012,1,0,,"Количество налогоплательщиков, которым(и) начислен налог к уплате в бюджет, единиц",s1--количество-налогоплательщиков-которым-и-начислен-налог-к-уплате-в-бюджет-единиц,единиц,1100,2100,,,1
tn,2012,1,1,,которым исчислен налог и не предоставлены налоговые льготы,s1--которым-исчислен-налог-и-не-предоставлены-налоговые-льготы,единиц,1110,2110,,,2
tn,2012,1,1,,которым предоставлены налоговые льготы,s1--которым-предоставлены-налоговые-льготы,единиц,1120,2120,,,3
tn,2012,2,0,,"Количество транспортных средств в базе данных налогового органа - всего, единиц, в том числе:",s2--количество-транспортных-средств-в-базе-данных-налогового-органа-всего-единиц-в-том-числе,единиц,1200,2200,,,4
tn,2012,2,1,,наземных транспортных средств,s2--наземных-транспортных-средств,единиц,1210,2210,,,5
tn,2012,2,1,,водных транспортных средств,s2--водных-транспортных-средств,единиц,1220,2220,,,6
tn,2012,2,1,,воздушных транспортных средств,s2--воздушных-транспортных-средств,единиц,1230,2230,,,7
tn,2012,3,0,,"Количество транспортных средств, по которым начислен налог к уплате в бюджет - всего, единиц, в том числе:",s3--количество-транспортных-средств-по-которым-начислен-налог-к-уплате-в-бюджет-всего-единиц-в-том-числе,единиц,1300,2300,,,8
tn,2012,3,1,,наземных транспортных средств,s3--наземных-транспортных-средств,единиц,1310,2310,,,9
tn,2012,3,2,,Автомобили легковые с мощностью двигателя:,s3--автомобили-легковые-с-мощностью-двигателя,единиц,1311,2311,,,10
tn,2012,3,3,Автомобили легковые с мощностью двигателя:,"до 100 л.с. (до 73,55 кВт) включительно",s3--автомобили-легковые-с-мощностью-двигателя--до-100-л-с-до-73-55-квт-включительно,единиц,1312,2312,,,11
tn,2012,3,3,Автомобили легковые с мощностью двигателя:,"свыше 100 л.с. до 150 л.с. (свыше 73,55 кВт до 110,33 кВт) включительно",s3--автомобили-легковые-с-мощностью-двигателя--свыше-100-л-с-до-150-л-с-свыше-73-55-квт-до-110-33-квт-включительно,единиц,1313,2313,,,12
tn,2012,3,3,Автомобили легковые с мощностью двигателя:,"свыше 150 л.с. до 200 л.с. (свыше 110,33 кВт до 147,1 кВт) включительно",s3--автомобили-легковые-с-мощностью-двигателя--свыше-150-л-с-до-200-л-с-свыше-110-33-квт-до-147-1-квт-включительно,единиц,1314,2314,,,13
tn,2012,3,3,Автомобили легковые с мощностью двигателя:,"свыше 200 л.с. до 250 л.с. (свыше 147,1 кВт до 183,9 кВт) включительно",s3--автомобили-легковые-с-мощностью-двигателя--свыше-200-л-с-до-250-л-с-свыше-147-1-квт-до-183-9-квт-включительно,единиц,1315,2315,,,14
tn,2012,3,3,Автомобили легковые с мощностью двигателя:,"свыше 250 л.с. (свыше 183,9 кВт)",s3--автомобили-легковые-с-мощностью-двигателя--свыше-250-л-с-свыше-183-9-квт,единиц,1316,2316,,,15
tn,2012,3,2,,Мотоциклы и мотороллеры с мощностью двигателя:,s3--мотоциклы-и-мотороллеры-с-мощностью-двигателя,единиц,1317,2317,,,16
tn,2012,3,3,Мотоциклы и мотороллеры с мощностью двигателя:,"до 20 л.с. (до 14,7 кВт) включительно",s3--до-20-л-с-до-14-7-квт-включительно,единиц,1318,2318,,,17
tn,2012,3,3,Мотоциклы и мотороллеры с мощностью двигателя:,"свыше 20 л.с. до 35 л.с. (свыше 14,7 кВт до 25,74 кВт) включительно",s3--свыше-20-л-с-до-35-л-с-свыше-14-7-квт-до-25-74-квт-включительно,единиц,1319,2319,,,18
tn,2012,3,1,,"свыше 35 л.с. (свыше 25,74 кВт)",s3--свыше-35-л-с-свыше-25-74-квт,единиц,1320,2320,,,19
tn,2012,3,2,,Автобусы с мощностью двигателя:,s3--автобусы-с-мощностью-двигателя,единиц,1321,2321,,,20
tn,2012,3,3,Автобусы с мощностью двигателя:,"до 200 л.с. (до 147,1 кВт) включительно",s3--до-200-л-с-до-147-1-квт-включительно,единиц,1322,2322,,,21
tn,2012,3,3,Автобусы с мощностью двигателя:,"свыше 200 л.с. (свыше 147,1 кВт)",s3--свыше-200-л-с-свыше-147-1-квт,единиц,1323,2323,,,22
tn,2012,3,2,,Автомобили грузовые с мощностью двигателя:,s3--автомобили-грузовые-с-мощностью-двигателя,единиц,1324,2324,,,23
tn,2012,3,3,Автомобили грузовые с мощностью двигателя:,"до 100 л.с. (до 73,55 кВт) включительно",s3--автомобили-грузовые-с-мощностью-двигателя--до-100-л-с-до-73-55-квт-включительно,единиц,1325,2325,,,24
tn,2012,3,3,Автомобили грузовые с мощностью двигателя:,"свыше 100 л.с. до 150 л.с. (свыше 73,55 кВт до 110,33 кВт) включительно",s3--автомобили-грузовые-с-мощностью-двигателя--свыше-100-л-с-до-150-л-с-свыше-73-55-квт-до-110-33-квт-включительно,единиц,1326,2326,,,25
tn,2012,3,3,Автомобили грузовые с мощностью двигателя:,"свыше 150 л.с. до 200 л.с. (свыше 110,33 кВт до 147,1 кВт) включительно",s3--автомобили-грузовые-с-мощностью-двигателя--свыше-150-л-с-до-200-л-с-свыше-110-33-квт-до-147-1-квт-включительно,единиц,1327,2327,,,26
tn,2012,3,3,Автомобили грузовые с мощностью двигателя:,"свыше 200 л.с. до 250 л.с. (свыше 147,1 кВт до 183,9 кВт) включительно",s3--автомобили-грузовые-с-мощностью-двигателя--свыше-200-л-с-до-250-л-с-свыше-147-1-квт-до-183-9-квт-включительно,единиц,1328,2328,,,27
tn,2012,3,3,Автомобили грузовые с мощностью двигателя:,"свыше 250 л.с. (свыше 183,9 кВт)",s3--автомобили-грузовые-с-мощностью-двигателя--свыше-250-л-с-свыше-183-9-квт,единиц,1329,2329,,,28
tn,2012,3,2,,"Другие самоходные транспортные средства, машины и механизмы на пневматическом и гусеничном ходу",s3--другие-самоходные-транспортные-средства-машины-и-механизмы-на-пневматическом-и-гусеничном-ходу,единиц,1330,2330,,,29
tn,2012,3,2,,"Снегоходы, мотосани с мощностью двигателя:",s3--снегоходы-мотосани-с-мощностью-двигателя,единиц,1331,2331,,,30
tn,2012,3,3,"Снегоходы, мотосани с мощностью двигателя:","до 50 л.с. (до 36,77 кВт) включительно",s3--до-50-л-с-до-36-77-квт-включительно,единиц,1332,2332,,,31
tn,2012,3,3,"Снегоходы, мотосани с мощностью двигателя:","свыше 50 л.с. (свыше 36,77 кВт)",s3--свыше-50-л-с-свыше-36-77-квт,единиц,1333,2333,,,32
tn,2012,3,3,"Снегоходы, мотосани с мощностью двигателя:",из них зарегистрированных в подразделениях Госавтоинспекции МВД России,s3--снегоходы-мотосани-с-мощностью-двигателя--из-них-зарегистрированных-в-подразделениях-госавтоинспекции-мвд-россии,единиц,1334,2334,,,33
tn,2012,3,1,,водных транспортных средств,s3--водных-транспортных-средств,единиц,1340,2340,,,34
tn,2012,3,2,,"Катера, моторные лодки и другие водные транспортные средства с мощностью двигателя:",s3--катера-моторные-лодки-и-другие-водные-транспортные-средства-с-мощностью-двигателя,единиц,1341,2341,,,35
tn,2012,3,3,"Катера, моторные лодки и другие водные транспортные средства с мощностью двигателя:","до 100 л.с. (до 73,55 кВт) включительно",s3--катера-моторные-лодки-и-другие-водные-транспортные-средства-с-мощностью-двигателя--до-100-л-с-до-73-55-квт-включительно,единиц,1342,2342,,,36
tn,2012,3,3,"Катера, моторные лодки и другие водные транспортные средства с мощностью двигателя:","свыше 100 л.с. (свыше 73,55 кВт)",s3--катера-моторные-лодки-и-другие-водные-транспортные-средства-с-мощностью-двигателя--свыше-100-л-с-свыше-73-55-квт,единиц,1343,2343,,,37
tn,2012,3,2,,Яхты и другие парусно - моторные суда с мощностью двигателя:,s3--яхты-и-другие-парусно-моторные-суда-с-мощностью-двигателя,единиц,1344,2344,,,38
tn,2012,3,3,Яхты и другие парусно - моторные суда с мощностью двигателя:,"до 100 л.с. (до 73,55 кВт) включительно",s3--яхты-и-другие-парусно-моторные-суда-с-мощностью-двигателя--до-100-л-с-до-73-55-квт-включительно,единиц,1345,2345,,,39
tn,2012,3,3,Яхты и другие парусно - моторные суда с мощностью двигателя:,"свыше 100 л.с. (свыше 73,55 кВт)",s3--яхты-и-другие-парусно-моторные-суда-с-мощностью-двигателя--свыше-100-л-с-свыше-73-55-квт,единиц,1346,2346,,,40
tn,2012,3,2,,Гидроциклы с мощностью двигателя:,s3--гидроциклы-с-мощностью-двигателя,единиц,1347,2347,,,41
tn,2012,3,3,Гидроциклы с мощностью двигателя:,"до 100 л.с. (до 73,55 кВт) включительно",s3--гидроциклы-с-мощностью-двигателя--до-100-л-с-до-73-55-квт-включительно,единиц,1348,2348,,,42
tn,2012,3,3,Гидроциклы с мощностью двигателя:,"свыше 100 л.с. (свыше 73,55 кВт)",s3--гидроциклы-с-мощностью-двигателя--свыше-100-л-с-свыше-73-55-квт,единиц,1349,2349,,,43
tn,2012,3,2,,"Несамоходные (буксируемые) суда, для которых определяется валовая вместимость (с каждой регистровой тонны валовой вместимости)",s3--несамоходные-буксируемые-суда-для-которых-определяется-валовая-вместимость-с-каждои-регистровои-тонны-валовои-вместимости,единиц,1350,2350,,,44
tn,2012,3,1,,воздушных транспортных средств,s3--воздушных-транспортных-средств,единиц,1360,2360,,,45
tn,2012,4,0,,"Сумма налога, подлежащая уплате в бюджет - всего, тыс. руб.., в том числе:",s4--сумма-налога-подлежащая-уплате-в-бюджет-всего-тыс-руб-в-том-числе,тыс. руб.,1400,2400,,,46
tn,2012,4,1,,по наземным транспортным средствам,s4--по-наземным-транспортным-средствам,тыс. руб.,1410,2410,,,47
tn,2012,4,2,,Автомобили легковые с мощностью двигателя:,s4--автомобили-легковые-с-мощностью-двигателя,тыс. руб.,1411,2411,,,48
tn,2012,4,3,Автомобили легковые с мощностью двигателя:,"до 100 л.с. (до 73,55 кВт) включительно",s4--автомобили-легковые-с-мощностью-двигателя--до-100-л-с-до-73-55-квт-включительно,тыс. руб.,1412,2412,,,49
tn,2012,4,3,Автомобили легковые с мощностью двигателя:,"свыше 100 л.с. до 150 л.с. (свыше 73,55 кВт до 110,33 кВт) включительно",s4--автомобили-легковые-с-мощностью-двигателя--свыше-100-л-с-до-150-л-с-свыше-73-55-квт-до-110-33-квт-включительно,тыс. руб.,1413,2413,,,50
tn,2012,4,3,Автомобили легковые с мощностью двигателя:,"свыше 150 л.с. до 200 л.с. (свыше 110,33 кВт до 147,1 кВт) включительно",s4--автомобили-легковые-с-мощностью-двигателя--свыше-150-л-с-до-200-л-с-свыше-110-33-квт-до-147-1-квт-включительно,тыс. руб.,1414,2414,,,51
tn,2012,4,3,Автомобили легковые с мощностью двигателя:,"свыше 200 л.с. до 250 л.с. (свыше 147,1 кВт до 183,9 кВт) включительно",s4--автомобили-легковые-с-мощностью-двигателя--свыше-200-л-с-до-250-л-с-свыше-147-1-квт-до-183-9-квт-включительно,тыс. руб.,1415,2415,,,52
tn,2012,4,3,Автомобили легковые с мощностью двигателя:,"свыше 250 л.с. (свыше 183,9 кВт)",s4--автомобили-легковые-с-мощностью-двигателя--свыше-250-л-с-свыше-183-9-квт,тыс. руб.,1416,2416,,,53
tn,2012,4,2,,Мотоциклы и мотороллеры с мощностью двигателя:,s4--мотоциклы-и-мотороллеры-с-мощностью-двигателя,тыс. руб.,1417,2417,,,54
tn,2012,4,3,Мотоциклы и мотороллеры с мощностью двигателя:,"до 20 л.с. (до 14,7 кВт) включительно",s4--до-20-л-с-до-14-7-квт-включительно,тыс. руб.,1418,2418,,,55
tn,2012,4,3,Мотоциклы и мотороллеры с мощностью двигателя:,"свыше 20 л.с. до 35 л.с. (свыше 14,7 кВт до 25,74 кВт) включительно",s4--свыше-20-л-с-до-35-л-с-свыше-14-7-квт-до-25-74-квт-включительно,тыс. руб.,1419,2419,,,56
tn,2012,4,1,,"свыше 35 л.с. (свыше 25,74 кВт)",s4--свыше-35-л-с-свыше-25-74-квт,тыс. руб.,1420,2420,,,57
tn,2012,4,2,,Автобусы с мощностью двигателя:,s4--автобусы-с-мощностью-двигателя,тыс. руб.,1421,2421,,,58
tn,2012,4,3,Автобусы с мощностью двигателя:,"до 200 л.с. (до 147,1 кВт) включительно",s4--до-200-л-с-до-147-1-квт-включительно,тыс. руб.,1422,2422,,,59
tn,2012,4,3,Автобусы с мощностью двигателя:,"свыше 200 л.с. (свыше 147,1 кВт)",s4--свыше-200-л-с-свыше-147-1-квт,тыс. руб.,1423,2423,,,60
tn,2012,4,2,,Автомобили грузовые с мощностью двигателя:,s4--автомобили-грузовые-с-мощностью-двигателя,тыс. руб.,1424,2424,,,61
tn,2012,4,3,Автомобили грузовые с мощностью двигателя:,"до 100 л.с. (до 73,55 кВт) включительно",s4--автомобили-грузовые-с-мощностью-двигателя--до-100-л-с-до-73-55-квт-включительно,тыс. руб.,1425,2425,,,62
tn,2012,4,3,Автомобили грузовые с мощностью двигателя:,"свыше 100 л.с. до 150 л.с. (свыше 73,55 кВт до 110,33 кВт) включительно",s4--автомобили-грузовые-с-мощностью-двигателя--свыше-100-л-с-до-150-л-с-свыше-73-55-квт-до-110-33-квт-включительно,тыс. руб.,1426,2426,,,63
tn,2012,4,3,Автомобили грузовые с мощностью двигателя:,"свыше 150 л.с. до 200 л.с. (свыше 110,33 кВт до 147,1 кВт) включительно",s4--автомобили-грузовые-с-мощностью-двигателя--свыше-150-л-с-до-200-л-с-свыше-110-33-квт-до-147-1-квт-включительно,тыс. руб.,1427,2427,,,64
tn,2012,4,3,Автомобили грузовые с мощностью двигателя:,"свыше 200 л.с. до 250 л.с. (свыше 147,1 кВт до 183,9 кВт) включительно",s4--автомобили-грузовые-с-мощностью-двигателя--свыше-200-л-с-до-250-л-с-свыше-147-1-квт-до-183-9-квт-включительно,тыс. руб.,1428,2428,,,65
tn,2012,4,3,Автомобили грузовые с мощностью двигателя:,"свыше 250 л.с. (свыше 183,9 кВт)",s4--автомобили-грузовые-с-мощностью-двигателя--свыше-250-л-с-свыше-183-9-квт,тыс. руб.,1429,2429,,,66
tn,2012,4,2,,"Другие самоходные транспортные средства, машины и механизмы на пневматическом и гусеничном ходу",s4--другие-самоходные-транспортные-средства-машины-и-механизмы-на-пневматическом-и-гусеничном-ходу,тыс. руб.,1430,2430,,,67
tn,2012,4,2,,"Снегоходы, мотосани с мощностью двигателя:",s4--снегоходы-мотосани-с-мощностью-двигателя,тыс. руб.,1431,2431,,,68
tn,2012,4,3,"Снегоходы, мотосани с мощностью двигателя:","до 50 л.с. (до 36,77 кВт) включительно",s4--до-50-л-с-до-36-77-квт-включительно,тыс. руб.,1432,2432,,,69
tn,2012,4,3,"Снегоходы, мотосани с мощностью двигателя:","свыше 50 л.с. (свыше 36,77 кВт)",s4--свыше-50-л-с-свыше-36-77-квт,тыс. руб.,1433,2433,,,70
tn,2012,4,3,"Снегоходы, мотосани с мощностью двигателя:",из них зарегистрированных в подразделениях Госавтоинспекции МВД России,s4--снегоходы-мотосани-с-мощностью-двигателя--из-них-зарегистрированных-в-подразделениях-госавтоинспекции-мвд-россии,тыс. руб.,1434,2434,,,71
tn,2012,4,1,,по водным транспортным средствам,s4--по-водным-транспортным-средствам,тыс. руб.,1440,2440,,,72
tn,2012,4,2,,"Катера, моторные лодки и другие водные транспортные средства с мощностью двигателя:",s4--катера-моторные-лодки-и-другие-водные-транспортные-средства-с-мощностью-двигателя,тыс. руб.,1441,2441,,,73
tn,2012,4,3,"Катера, моторные лодки и другие водные транспортные средства с мощностью двигателя:","до 100 л.с. (до 73,55 кВт) включительно",s4--катера-моторные-лодки-и-другие-водные-транспортные-средства-с-мощностью-двигателя--до-100-л-с-до-73-55-квт-включительно,тыс. руб.,1442,2442,,,74
tn,2012,4,3,"Катера, моторные лодки и другие водные транспортные средства с мощностью двигателя:","свыше 100 л.с. (свыше 73,55 кВт)",s4--катера-моторные-лодки-и-другие-водные-транспортные-средства-с-мощностью-двигателя--свыше-100-л-с-свыше-73-55-квт,тыс. руб.,1443,2443,,,75
tn,2012,4,2,,Яхты и другие парусно - моторные суда с мощностью двигателя:,s4--яхты-и-другие-парусно-моторные-суда-с-мощностью-двигателя,тыс. руб.,1444,2444,,,76
tn,2012,4,3,Яхты и другие парусно - моторные суда с мощностью двигателя:,"до 100 л.с. (до 73,55 кВт) включительно",s4--яхты-и-другие-парусно-моторные-суда-с-мощностью-двигателя--до-100-л-с-до-73-55-квт-включительно,тыс. руб.,1445,2445,,,77
tn,2012,4,3,Яхты и другие парусно - моторные суда с мощностью двигателя:,"свыше 100 л.с. (свыше 73,55 кВт)",s4--яхты-и-другие-парусно-моторные-суда-с-мощностью-двигателя--свыше-100-л-с-свыше-73-55-квт,тыс. руб.,1446,2446,,,78
tn,2012,4,2,,Гидроциклы с мощностью двигателя:,s4--гидроциклы-с-мощностью-двигателя,тыс. руб.,1447,2447,,,79
tn,2012,4,3,Гидроциклы с мощностью двигателя:,"до 100 л.с. (до 73,55 кВт) включительно",s4--гидроциклы-с-мощностью-двигателя--до-100-л-с-до-73-55-квт-включительно,тыс. руб.,1448,2448,,,80
tn,2012,4,3,Гидроциклы с мощностью двигателя:,"свыше 100 л.с. (свыше 73,55 кВт)",s4--гидроциклы-с-мощностью-двигателя--свыше-100-л-с-свыше-73-55-квт,тыс. руб.,1449,2449,,,81
tn,2012,4,2,,"Несамоходные (буксируемые) суда, для которых определяется валовая вместимость (с каждой регистровой тонны валовой вместимости)",s4--несамоходные-буксируемые-суда-для-которых-определяется-валовая-вместимость-с-каждои-регистровои-тонны-валовои-вместимости,тыс. руб.,1450,2450,,,82
tn,2012,4,1,,по воздушным транспортным средствам,s4--по-воздушным-транспортным-средствам,тыс. руб.,1460,2460,,,83
tn,2012,5,0,,"Сумма налога, не поступившая в бюджет в связи с предоставлением налогоплательщикам налоговых льгот, в том числе:",s5--сумма-налога-не-поступившая-в-бюджет-в-связи-с-предоставлением-налогоплательщикам-налоговых-льгот-в-том-числе,тыс. руб.,1500,2500,,,84
tn,2013,1,0,,"Количество налогоплательщиков, которым(и) начислен налог к уплате в бюджет, единиц",s1--количество-налогоплательщиков-которым-и-начислен-налог-к-уплате-в-бюджет-единиц,единиц,1100,2100,,,1
tn,2013,1,1,,которым исчислен налог и не предоставлены налоговые льготы,s1--которым-исчислен-налог-и-не-предоставлены-налоговые-льготы,единиц,1110,2110,,,2
tn,2013,1,1,,которым предоставлены налоговые льготы,s1--которым-предоставлены-налоговые-льготы,единиц,1120,2120,,,3
tn,2013,2,0,,"Количество транспортных средств в базе данных налогового органа - всего, единиц, в том числе:",s2--количество-транспортных-средств-в-базе-данных-налогового-органа-всего-единиц-в-том-числе,единиц,1200,2200,,,4
tn,2013,2,1,,наземных транспортных средств,s2--наземных-транспортных-средств,единиц,1210,2210,,,5
tn,2013,2,1,,водных транспортных средств,s2--водных-транспортных-средств,единиц,1220,2220,,,6
tn,2013,2,1,,воздушных транспортных средств,s2--воздушных-транспортных-средств,единиц,1230,2230,,,7
tn,2013,3,0,,"Количество транспортных средств, по которым начислен налог к уплате в бюджет - всего, единиц, в том числе:",s3--количество-транспортных-средств-по-которым-начислен-налог-к-уплате-в-бюджет-всего-единиц-в-том-числе,единиц,1300,2300,,,8
tn,2013,3,1,,наземных транспортных средств,s3--наземных-транспортных-средств,единиц,1310,2310,,,9
tn,2013,3,2,,Автомобили легковые с мощностью двигателя:,s3--автомобили-легковые-с-мощностью-двигателя,единиц,1311,2311,,,10
tn,2013,3,3,Автомобили легковые с мощностью двигателя:,"до 100 л.с. (до 73,55 кВт) включительно",s3--автомобили-легковые-с-мощностью-двигателя--до-100-л-с-до-73-55-квт-включительно,единиц,1312,2312,,,11
tn,2013,3,3,Автомобили легковые с мощностью двигателя:,"свыше 100 л.с. до 150 л.с. (свыше 73,55 кВт до 110,33 кВт) включительно",s3--автомобили-легковые-с-мощностью-двигателя--свыше-100-л-с-до-150-л-с-свыше-73-55-квт-до-110-33-квт-включительно,единиц,1313,2313,,,12
tn,2013,3,3,Автомобили легковые с мощностью двигателя:,"свыше 150 л.с. до 200 л.с. (свыше 110,33 кВт до 147,1 кВт) включительно",s3--автомобили-легковые-с-мощностью-двигателя--свыше-150-л-с-до-200-л-с-свыше-110-33-квт-до-147-1-квт-включительно,единиц,1314,2314,,,13
tn,2013,3,3,Автомобили легковые с мощностью двигателя:,"свыше 200 л.с. до 250 л.с. (свыше 147,1 кВт до 183,9 кВт) включительно",s3--автомобили-легковые-с-мощностью-двигателя--свыше-200-л-с-до-250-л-с-свыше-147-1-квт-до-183-9-квт-включительно,единиц,1315,2315,,,14
tn,2013,3,3,Автомобили легковые с мощностью двигателя:,"свыше 250 л.с. (свыше 183,9 кВт)",s3--автомобили-легковые-с-мощностью-двигателя--свыше-250-л-с-свыше-183-9-квт,единиц,1316,2316,,,15
tn,2013,3,2,,Мотоциклы и мотороллеры с мощностью двигателя:,s3--мотоциклы-и-мотороллеры-с-мощностью-двигателя,единиц,1317,2317,,,16
tn,2013,3,3,Мотоциклы и мотороллеры с мощностью двигателя:,"до 20 л.с. (до 14,7 кВт) включительно",s3--до-20-л-с-до-14-7-квт-включительно,единиц,1318,2318,,,17
tn,2013,3,3,Мотоциклы и мотороллеры с мощностью двигателя:,"свыше 20 л.с. до 35 л.с. (свыше 14,7 кВт до 25,74 кВт) включительно",s3--свыше-20-л-с-до-35-л-с-свыше-14-7-квт-до-25-74-квт-включительно,единиц,1319,2319,,,18
tn,2013,3,1,,"свыше 35 л.с. (свыше 25,74 кВт)",s3--свыше-35-л-с-свыше-25-74-квт,единиц,1320,2320,,,19
tn,2013,3,2,,Автобусы с мощностью двигателя:,s3--автобусы-с-мощностью-двигателя,единиц,1321,2321,,,20
tn,2013,3,3,Автобусы с мощностью двигателя:,"до 200 л.с. (до 147,1 кВт) включительно",s3--до-200-л-с-до-147-1-квт-включительно,единиц,1322,2322,,,21
tn,2013,3,3,Автобусы с мощностью двигателя:,"свыше 200 л.с. (свыше 147,1 кВт)",s3--свыше-200-л-с-свыше-147-1-квт,единиц,1323,2323,,,22
tn,2013,3,2,,Автомобили грузовые с мощностью двигателя:,s3--автомобили-грузовые-с-мощностью-двигателя,единиц,1324,2324,,,23
tn,2013,3,3,Автомобили грузовые с мощностью двигателя:,"до 100 л.с. (до 73,55 кВт) включительно",s3--автомобили-грузовые-с-мощностью-двигателя--до-100-л-с-до-73-55-квт-включительно,единиц,1325,2325,,,24
tn,2013,3,3,Автомобили грузовые с мощностью двигателя:,"свыше 100 л.с. до 150 л.с. (свыше 73,55 кВт до 110,33 кВт) включительно",s3--автомобили-грузовые-с-мощностью-двигателя--свыше-100-л-с-до-150-л-с-свыше-73-55-квт-до-110-33-квт-включительно,единиц,1326,2326,,,25
tn,2013,3,3,Автомобили грузовые с мощностью двигателя:,"свыше 150 л.с. до 200 л.с. (свыше 110,33 кВт до 147,1 кВт) включительно",s3--автомобили-грузовые-с-мощностью-двигателя--свыше-150-л-с-до-200-л-с-свыше-110-33-квт-до-147-1-квт-включительно,единиц,1327,2327,,,26
tn,2013,3,3,Автомобили грузовые с мощностью двигателя:,"свыше 200 л.с. до 250 л.с. (свыше 147,1 кВт до 183,9 кВт) включительно",s3--автомобили-грузовые-с-мощностью-двигателя--свыше-200-л-с-до-250-л-с-свыше-147-1-квт-до-183-9-квт-включительно,единиц,1328,2328,,,27
tn,2013,3,3,Автомобили грузовые с мощностью двигателя:,"свыше 250 л.с. (свыше 183,9 кВт)",s3--автомобили-грузовые-с-мощностью-двигателя--свыше-250-л-с-свыше-183-9-квт,единиц,1329,2329,,,28
tn,2013,3,2,,"Другие самоходные транспортные средства, машины и механизмы на пневматическом и гусеничном ходу",s3--другие-самоходные-транспортные-средства-машины-и-механизмы-на-пневматическом-и-гусеничном-ходу,единиц,1330,2330,,,29
tn,2013,3,2,,"Снегоходы, мотосани с мощностью двигателя:",s3--снегоходы-мотосани-с-мощностью-двигателя,единиц,1331,2331,,,30
tn,2013,3,3,"Снегоходы, мотосани с мощностью двигателя:","до 50 л.с. (до 36,77 кВт) включительно",s3--до-50-л-с-до-36-77-квт-включительно,единиц,1332,2332,,,31
tn,2013,3,3,"Снегоходы, мотосани с мощностью двигателя:","свыше 50 л.с. (свыше 36,77 кВт)",s3--свыше-50-л-с-свыше-36-77-квт,единиц,1333,2333,,,32
tn,2013,3,3,"Снегоходы, мотосани с мощностью двигателя:",из них зарегистрированных в подразделениях Госавтоинспекции МВД России,s3--снегоходы-мотосани-с-мощностью-двигателя--из-них-зарегистрированных-в-подразделениях-госавтоинспекции-мвд-россии,единиц,1334,2334,,,33
tn,2013,3,1,,водных транспортных средств,s3--водных-транспортных-средств,единиц,1340,2340,,,34
tn,2013,3,2,,"Катера, моторные лодки и другие водные транспортные средства с мощностью двигателя:",s3--катера-моторные-лодки-и-другие-водные-транспортные-средства-с-мощностью-двигателя,единиц,1341,2341,,,35
tn,2013,3,3,"Катера, моторные лодки и другие водные транспортные средства с мощностью двигателя:","до 100 л.с. (до 73,55 кВт) включительно",s3--катера-моторные-лодки-и-другие-водные-транспортные-средства-с-мощностью-двигателя--до-100-л-с-до-73-55-квт-включительно,единиц,1342,2342,,,36
tn,2013,3,3,"Катера, моторные лодки и другие водные транспортные средства с мощностью двигателя:","свыше 100 л.с. (свыше 73,55 кВт)",s3--катера-моторные-лодки-и-другие-водные-транспортные-средства-с-мощностью-двигателя--свыше-100-л-с-свыше-73-55-квт,единиц,1343,2343,,,37
tn,2013,3,2,,Яхты и другие парусно - моторные суда с мощностью двигателя:,s3--яхты-и-другие-парусно-моторные-суда-с-мощностью-двигателя,единиц,1344,2344,,,38
tn,2013,3,3,Яхты и другие парусно - моторные суда с мощностью двигателя:,"до 100 л.с. (до 73,55 кВт) включительно",s3--яхты-и-другие-парусно-моторные-суда-с-мощностью-двигателя--до-100-л-с-до-73-55-квт-включительно,единиц,1345,2345,,,39
tn,2013,3,3,Яхты и другие парусно - моторные суда с мощностью двигателя:,"свыше 100 л.с. (свыше 73,55 кВт)",s3--яхты-и-другие-парусно-моторные-суда-с-мощностью-двигателя--свыше-100-л-с-свыше-73-55-квт,единиц,1346,2346,,,40
tn,2013,3,2,,Гидроциклы с мощностью двигателя:,s3--гидроциклы-с-мощностью-двигателя,единиц,1347,2347,,,41
tn,2013,3,3,Гидроциклы с мощностью двигателя:,"до 100 л.с. (до 73,55 кВт) включительно",s3--гидроциклы-с-мощностью-двигателя--до-100-л-с-до-73-55-квт-включительно,единиц,1348,2348,,,42
tn,2013,3,3,Гидроциклы с мощностью двигателя:,"свыше 100 л.с. (свыше 73,55 кВт)",s3--гидроциклы-с-мощностью-двигателя--свыше-100-л-с-свыше-73-55-квт,единиц,1349,2349,,,43
tn,2013,3,2,,"Несамоходные (буксируемые) суда, для которых определяется валовая вместимость (с каждой регистровой тонны валовой вместимости)",s3--несамоходные-буксируемые-суда-для-которых-определяется-валовая-вместимость-с-каждои-регистровои-тонны-валовои-вместимости,единиц,1350,2350,,,44
tn,2013,3,1,,воздушных транспортных средств,s3--воздушных-транспортных-средств,единиц,1360,2360,,,45
tn,2013,4,0,,"Сумма налога, подлежащая уплате в бюджет - всего, тыс. руб.., в том числе:",s4--сумма-налога-подлежащая-уплате-в-бюджет-всего-тыс-руб-в-том-числе,тыс. руб.,1400,2400,,,46
tn,2013,4,1,,по наземным транспортным средствам,s4--по-наземным-транспортным-средствам,тыс. руб.,1410,2410,,,47
tn,2013,4,2,,Автомобили легковые с мощностью двигателя:,s4--автомобили-легковые-с-мощностью-двигателя,тыс. руб.,1411,2411,,,48
tn,2013,4,3,Автомобили легковые с мощностью двигателя:,"до 100 л.с. (до 73,55 кВт) включительно",s4--автомобили-легковые-с-мощностью-двигателя--до-100-л-с-до-73-55-квт-включительно,тыс. руб.,1412,2412,,,49
tn,2013,4,3,Автомобили легковые с мощностью двигателя:,"свыше 100 л.с. до 150 л.с. (свыше 73,55 кВт до 110,33 кВт) включительно",s4--автомобили-легковые-с-мощностью-двигателя--свыше-100-л-с-до-150-л-с-свыше-73-55-квт-до-110-33-квт-включительно,тыс. руб.,1413,2413,,,50
tn,2013,4,3,Автомобили легковые с мощностью двигателя:,"свыше 150 л.с. до 200 л.с. (свыше 110,33 кВт до 147,1 кВт) включительно",s4--автомобили-легковые-с-мощностью-двигателя--свыше-150-л-с-до-200-л-с-свыше-110-33-квт-до-147-1-квт-включительно,тыс. руб.,1414,2414,,,51
tn,2013,4,3,Автомобили легковые с мощностью двигателя:,"свыше 200 л.с. до 250 л.с. (свыше 147,1 кВт до 183,9 кВт) включительно",s4--автомобили-легковые-с-мощностью-двигателя--свыше-200-л-с-до-250-л-с-свыше-147-1-квт-до-183-9-квт-включительно,тыс. руб.,1415,2415,,,52
tn,2013,4,3,Автомобили легковые с мощностью двигателя:,"свыше 250 л.с. (свыше 183,9 кВт)",s4--автомобили-легковые-с-мощностью-двигателя--свыше-250-л-с-свыше-183-9-квт,тыс. руб.,1416,2416,,,53
tn,2013,4,2,,Мотоциклы и мотороллеры с мощностью двигателя:,s4--мотоциклы-и-мотороллеры-с-мощностью-двигателя,тыс. руб.,1417,2417,,,54
tn,2013,4,3,Мотоциклы и мотороллеры с мощностью двигателя:,"до 20 л.с. (до 14,7 кВт) включительно",s4--до-20-л-с-до-14-7-квт-включительно,тыс. руб.,1418,2418,,,55
tn,2013,4,3,Мотоциклы и мотороллеры с мощностью двигателя:,"свыше 20 л.с. до 35 л.с. (свыше 14,7 кВт до 25,74 кВт) включительно",s4--свыше-20-л-с-до-35-л-с-свыше-14-7-квт-до-25-74-квт-включительно,тыс. руб.,1419,2419,,,56
tn,2013,4,1,,"свыше 35 л.с. (свыше 25,74 кВт)",s4--свыше-35-л-с-свыше-25-74-квт,тыс. руб.,1420,2420,,,57
tn,2013,4,2,,Автобусы с мощностью двигателя:,s4--автобусы-с-мощностью-двигателя,тыс. руб.,1421,2421,,,58
tn,2013,4,3,Автобусы с мощностью двигателя:,"до 200 л.с. (до 147,1 кВт) включительно",s4--до-200-л-с-до-147-1-квт-включительно,тыс. руб.,1422,2422,,,59
tn,2013,4,3,Автобусы с мощностью двигателя:,"свыше 200 л.с. (свыше 147,1 кВт)",s4--свыше-200-л-с-свыше-147-1-квт,тыс. руб.,1423,2423,,,60
tn,2013,4,2,,Автомобили грузовые с мощностью двигателя:,s4--автомобили-грузовые-с-мощностью-двигателя,тыс. руб.,1424,2424,,,61
tn,2013,4,3,Автомобили грузовые с мощностью двигателя:,"до 100 л.с. (до 73,55 кВт) включительно",s4--автомобили-грузовые-с-мощностью-двигателя--до-100-л-с-до-73-55-квт-включительно,тыс. руб.,1425,2425,,,62
tn,2013,4,3,Автомобили грузовые с мощностью двигателя:,"свыше 100 л.с. до 150 л.с. (свыше 73,55 кВт до 110,33 кВт) включительно",s4--автомобили-грузовые-с-мощностью-двигателя--свыше-100-л-с-до-150-л-с-свыше-73-55-квт-до-110-33-квт-включительно,тыс. руб.,1426,2426,,,63
tn,2013,4,3,Автомобили грузовые с мощностью двигателя:,"свыше 150 л.с. до 200 л.с. (свыше 110,33 кВт до 147,1 кВт) включительно",s4--автомобили-грузовые-с-мощностью-двигателя--свыше-150-л-с-до-200-л-с-свыше-110-33-квт-до-147-1-квт-включительно,тыс. руб.,1427,2427,,,64
tn,2013,4,3,Автомобили грузовые с мощностью двигателя:,"свыше 200 л.с. до 250 л.с. (свыше 147,1 кВт до 183,9 кВт) включительно",s4--автомобили-грузовые-с-мощностью-двигателя--свыше-200-л-с-до-250-л-с-свыше-147-1-квт-до-183-9-квт-включительно,тыс. руб.,1428,2428,,,65
tn,2013,4,3,Автомобили грузовые с мощностью двигателя:,"свыше 250 л.с. (свыше 183,9 кВт)",s4--автомобили-грузовые-с-мощностью-двигателя--свыше-250-л-с-свыше-183-9-квт,тыс. руб.,1429,2429,,,66
tn,2013,4,2,,"Другие самоходные транспортные средства, машины и механизмы на пневматическом и гусеничном ходу",s4--другие-самоходные-транспортные-средства-машины-и-механизмы-на-пневматическом-и-гусеничном-ходу,тыс. руб.,1430,2430,,,67
tn,2013,4,2,,"Снегоходы, мотосани с мощностью двигателя:",s4--снегоходы-мотосани-с-мощностью-двигателя,тыс. руб.,1431,2431,,,68
tn,2013,4,3,"Снегоходы, мотосани с мощностью двигателя:","до 50 л.с. (до 36,77 кВт) включительно",s4--до-50-л-с-до-36-77-квт-включительно,тыс. руб.,1432,2432,,,69
tn,2013,4,3,"Снегоходы, мотосани с мощностью двигателя:","свыше 50 л.с. (свыше 36,77 кВт)",s4--свыше-50-л-с-свыше-36-77-квт,тыс. руб.,1433,2433,,,70
tn,2013,4,3,"Снегоходы, мотосани с мощностью двигателя:",из них зарегистрированных в подразделениях Госавтоинспекции МВД России,s4--снегоходы-мотосани-с-мощностью-двигателя--из-них-зарегистрированных-в-подразделениях-госавтоинспекции-мвд-россии,тыс. руб.,1434,2434,,,71
tn,2013,4,1,,по водным транспортным средствам,s4--по-водным-транспортным-средствам,тыс. руб.,1440,2440,,,72
tn,2013,4,2,,"Катера, моторные лодки и другие водные транспортные средства с мощностью двигателя:",s4--катера-моторные-лодки-и-другие-водные-транспортные-средства-с-мощностью-двигателя,тыс. руб.,1441,2441,,,73
tn,2013,4,3,"Катера, моторные лодки и другие водные транспортные средства с мощностью двигателя:","до 100 л.с. (до 73,55 кВт) включительно",s4--катера-моторные-лодки-и-другие-водные-транспортные-средства-с-мощностью-двигателя--до-100-л-с-до-73-55-квт-включительно,тыс. руб.,1442,2442,,,74
tn,2013,4,3,"Катера, моторные лодки и другие водные транспортные средства с мощностью двигателя:","свыше 100 л.с. (свыше 73,55 кВт)",s4--катера-моторные-лодки-и-другие-водные-транспортные-средства-с-мощностью-двигателя--свыше-100-л-с-свыше-73-55-квт,тыс. руб.,1443,2443,,,75
tn,2013,4,2,,Яхты и другие парусно - моторные суда с мощностью двигателя:,s4--яхты-и-другие-парусно-моторные-суда-с-мощностью-двигателя,тыс. руб.,1444,2444,,,76
tn,2013,4,3,Яхты и другие парусно - моторные суда с мощностью двигателя:,"до 100 л.с. (до 73,55 кВт) включительно",s4--яхты-и-другие-парусно-моторные-суда-с-мощностью-двигателя--до-100-л-с-до-73-55-квт-включительно,тыс. руб.,1445,2445,,,77
tn,2013,4,3,Яхты и другие парусно - моторные суда с мощностью двигателя:,"свыше 100 л.с. (свыше 73,55 кВт)",s4--яхты-и-другие-парусно-моторные-суда-с-мощностью-двигателя--свыше-100-л-с-свыше-73-55-квт,тыс. руб.,1446,2446,,,78
tn,2013,4,2,,Гидроциклы с мощностью двигателя:,s4--гидроциклы-с-мощностью-двигателя,тыс. руб.,1447,2447,,,79
tn,2013,4,3,Гидроциклы с мощностью двигателя:,"до 100 л.с. (до 73,55 кВт) включительно",s4--гидроциклы-с-мощностью-двигателя--до-100-л-с-до-73-55-квт-включительно,тыс. руб.,1448,2448,,,80
tn,2013,4,3,Гидроциклы с мощностью двигателя:,"свыше 100 л.с. (свыше 73,55 кВт)",s4--гидроциклы-с-мощностью-двигателя--свыше-100-л-с-свыше-73-55-квт,тыс. руб.,1449,2449,,,81
tn,2013,4,2,,"Несамоходные (буксируемые) суда, для которых определяется валовая вместимость (с каждой регистровой тонны валовой вместимости)",s4--несамоходные-буксируемые-суда-для-которых-определяется-валовая-вместимость-с-каждои-регистровои-тонны-валовои-вместимости,тыс. руб.,1450,2450,,,82
tn,2013,4,1,,по воздушным транспортным средствам,s4--по-воздушным-транспортным-средствам,тыс. руб.,1460,2460,,,83
tn,2013,5,0,,"Сумма налога, не поступившая в бюджет в связи с предоставлением налогоплательщикам налоговых льгот, в том числе:",s5--сумма-налога-не-поступившая-в-бюджет-в-связи-с-предоставлением-налогоплательщикам-налоговых-льгот-в-том-числе,тыс. руб.,1500,2500,,,84
tn,2014,1,0,,"Количество налогоплательщиков, которым(и) начислен налог к уплате в бюджет, единиц",s1--количество-налогоплательщиков-которым-и-начислен-налог-к-уплате-в-бюджет-единиц,единиц,1100,2100,,,1
tn,2014,1,1,,которым исчислен налог и не предоставлены налоговые льготы,s1--которым-исчислен-налог-и-не-предоставлены-налоговые-льготы,единиц,1110,2110,,,2
tn,2014,1,1,,которым предоставлены налоговые льготы,s1--которым-предоставлены-налоговые-льготы,единиц,1120,2120,,,3
tn,2014,2,0,,"Количество транспортных средств в базе данных налогового органа - всего, единиц, в том числе:",s2--количество-транспортных-средств-в-базе-данных-налогового-органа-всего-единиц-в-том-числе,единиц,1200,2200,,,4
tn,2014,2,1,,наземных транспортных средств,s2--наземных-транспортных-средств,единиц,1210,2210,,,5
tn,2014,2,1,,водных транспортных средств,s2--водных-транспортных-средств,единиц,1220,2220,,,6
tn,2014,2,1,,воздушных транспортных средств,s2--воздушных-транспортных-средств,единиц,1230,2230,,,7
tn,2014,3,0,,"Количество транспортных средств, по которым начислен налог к уплате в бюджет - всего, единиц, в том числе:",s3--количество-транспортных-средств-по-которым-начислен-налог-к-уплате-в-бюджет-всего-единиц-в-том-числе,единиц,1300,2300,,,8
tn,2014,3,1,,наземных транспортных средств,s3--наземных-транспортных-средств,единиц,1310,2310,,,9
tn,2014,3,2,,Автомобили легковые с мощностью двигателя:,s3--автомобили-легковые-с-мощностью-двигателя,единиц,1311,2311,,,10
tn,2014,3,3,Автомобили легковые с мощностью двигателя:,"до 100 л.с. (до 73,55 кВт) включительно",s3--автомобили-легковые-с-мощностью-двигателя--до-100-л-с-до-73-55-квт-включительно,единиц,1312,2312,,,11
tn,2014,3,3,Автомобили легковые с мощностью двигателя:,"свыше 100 л.с. до 150 л.с. (свыше 73,55 кВт до 110,33 кВт) включительно",s3--автомобили-легковые-с-мощностью-двигателя--свыше-100-л-с-до-150-л-с-свыше-73-55-квт-до-110-33-квт-включительно,единиц,1313,2313,,,12
tn,2014,3,3,Автомобили легковые с мощностью двигателя:,"свыше 150 л.с. до 200 л.с. (свыше 110,33 кВт до 147,1 кВт) включительно",s3--автомобили-легковые-с-мощностью-двигателя--свыше-150-л-с-до-200-л-с-свыше-110-33-квт-до-147-1-квт-включительно,единиц,1314,2314,,,13
tn,2014,3,3,Автомобили легковые с мощностью двигателя:,"свыше 200 л.с. до 250 л.с. (свыше 147,1 кВт до 183,9 кВт) включительно",s3--автомобили-легковые-с-мощностью-двигателя--свыше-200-л-с-до-250-л-с-свыше-147-1-квт-до-183-9-квт-включительно,единиц,1315,2315,,,14
tn,2014,3,3,Автомобили легковые с мощностью двигателя:,"свыше 250 л.с. (свыше 183,9 кВт)",s3--автомобили-легковые-с-мощностью-двигателя--свыше-250-л-с-свыше-183-9-квт,единиц,1316,2316,,,15
tn,2014,3,3,Автомобили легковые с мощностью двигателя:,"в том числе с учетом повышающего коэффициента, установленного в соответствии с п.2 статьи 362 НК РФ",s3--в-том-числе-с-учетом-повышающего-коэффициента-установленного-в-соответствии-с-п-2-статьи-362-нк-рф,единиц,1317,2317,,,16
tn,2014,3,3,Автомобили легковые с мощностью двигателя:,"коэффициент 1,1",s3--коэффициент-1-1,единиц,1318,2318,,,17
tn,2014,3,3,Автомобили легковые с мощностью двигателя:,"коэффициент 1,3",s3--коэффициент-1-3,единиц,1319,2319,,,18
tn,2014,3,1,,"коэффициент 1,5",s3--коэффициент-1-5,единиц,1320,2320,,,19
tn,2014,3,1,,коэффициент 2,s3--коэффициент-2,единиц,1321,2321,,,20
tn,2014,3,1,,коэффициент 3,s3--коэффициент-3,единиц,1322,2322,,,21
tn,2014,3,2,,Мотоциклы и мотороллеры с мощностью двигателя:,s3--мотоциклы-и-мотороллеры-с-мощностью-двигателя,единиц,1323,2323,,,22
tn,2014,3,3,Мотоциклы и мотороллеры с мощностью двигателя:,"до 20 л.с. (до 14,7 кВт) включительно",s3--до-20-л-с-до-14-7-квт-включительно,единиц,1324,2324,,,23
tn,2014,3,3,Мотоциклы и мотороллеры с мощностью двигателя:,"свыше 20 л.с. до 35 л.с. (свыше 14,7 кВт до 25,74 кВт) включительно",s3--свыше-20-л-с-до-35-л-с-свыше-14-7-квт-до-25-74-квт-включительно,единиц,1325,2325,,,24
tn,2014,3,3,Мотоциклы и мотороллеры с мощностью двигателя:,"свыше 35 л.с. (свыше 25,74 кВт)",s3--мотоциклы-и-мотороллеры-с-мощностью-двигателя--свыше-35-л-с-свыше-25-74-квт,единиц,1326,2326,,,25
tn,2014,3,2,,Автобусы с мощностью двигателя:,s3--автобусы-с-мощностью-двигателя,единиц,1327,2327,,,26
tn,2014,3,3,Автобусы с мощностью двигателя:,"до 200 л.с. (до 147,1 кВт) включительно",s3--до-200-л-с-до-147-1-квт-включительно,единиц,1328,2328,,,27
tn,2014,3,3,Автобусы с мощностью двигателя:,"свыше 200 л.с. (свыше 147,1 кВт)",s3--свыше-200-л-с-свыше-147-1-квт,единиц,1329,2329,,,28
tn,2014,3,2,,Автомобили грузовые с мощностью двигателя:,s3--автомобили-грузовые-с-мощностью-двигателя,единиц,1330,2330,,,29
tn,2014,3,3,Автомобили грузовые с мощностью двигателя:,"до 100 л.с. (до 73,55 кВт) включительно",s3--автомобили-грузовые-с-мощностью-двигателя--до-100-л-с-до-73-55-квт-включительно,единиц,1331,2331,,,30
tn,2014,3,3,Автомобили грузовые с мощностью двигателя:,"свыше 100 л.с. до 150 л.с. (свыше 73,55 кВт до 110,33 кВт) включительно",s3--автомобили-грузовые-с-мощностью-двигателя--свыше-100-л-с-до-150-л-с-свыше-73-55-квт-до-110-33-квт-включительно,единиц,1332,2332,,,31
tn,2014,3,3,Автомобили грузовые с мощностью двигателя:,"свыше 150 л.с. до 200 л.с. (свыше 110,33 кВт до 147,1 кВт) включительно",s3--автомобили-грузовые-с-мощностью-двигателя--свыше-150-л-с-до-200-л-с-свыше-110-33-квт-до-147-1-квт-включительно,единиц,1333,2333,,,32
tn,2014,3,3,Автомобили грузовые с мощностью двигателя:,"свыше 200 л.с. до 250 л.с. (свыше 147,1 кВт до 183,9 кВт) включительно",s3--автомобили-грузовые-с-мощностью-двигателя--свыше-200-л-с-до-250-л-с-свыше-147-1-квт-до-183-9-квт-включительно,единиц,1334,2334,,,33
tn,2014,3,3,Автомобили грузовые с мощностью двигателя:,"свыше 250 л.с. (свыше 183,9 кВт)",s3--автомобили-грузовые-с-мощностью-двигателя--свыше-250-л-с-свыше-183-9-квт,единиц,1335,2335,,,34
tn,2014,3,2,,"Другие самоходные транспортные средства, машины и механизмы на пневматическом и гусеничном ходу",s3--другие-самоходные-транспортные-средства-машины-и-механизмы-на-пневматическом-и-гусеничном-ходу,единиц,1336,2336,,,35
tn,2014,3,2,,"Снегоходы, мотосани с мощностью двигателя:",s3--снегоходы-мотосани-с-мощностью-двигателя,единиц,1337,2337,,,36
tn,2014,3,3,"Снегоходы, мотосани с мощностью двигателя:","до 50 л.с. (до 36,77 кВт) включительно",s3--до-50-л-с-до-36-77-квт-включительно,единиц,1338,2338,,,37
tn,2014,3,3,"Снегоходы, мотосани с мощностью двигателя:","свыше 50 л.с. (свыше 36,77 кВт)",s3--свыше-50-л-с-свыше-36-77-квт,единиц,1339,2339,,,38
tn,2014,3,1,,из них зарегистрированных в подразделениях Госавтоинспекции МВД России,s3--из-них-зарегистрированных-в-подразделениях-госавтоинспекции-мвд-россии,единиц,1340,2340,,,39
tn,2014,3,1,,водных транспортных средств,s3--водных-транспортных-средств,единиц,1350,2350,,,40
tn,2014,3,2,,"Катера, моторные лодки и другие водные транспортные средства с мощностью двигателя:",s3--катера-моторные-лодки-и-другие-водные-транспортные-средства-с-мощностью-двигателя,единиц,1351,2351,,,41
tn,2014,3,3,"Катера, моторные лодки и другие водные транспортные средства с мощностью двигателя:","до 100 л.с. (до 73,55 кВт) включительно",s3--катера-моторные-лодки-и-другие-водные-транспортные-средства-с-мощностью-двигателя--до-100-л-с-до-73-55-квт-включительно,единиц,1352,2352,,,42
tn,2014,3,3,"Катера, моторные лодки и другие водные транспортные средства с мощностью двигателя:","свыше 100 л.с. (свыше 73,55 кВт)",s3--катера-моторные-лодки-и-другие-водные-транспортные-средства-с-мощностью-двигателя--свыше-100-л-с-свыше-73-55-квт,единиц,1353,2353,,,43
tn,2014,3,2,,Яхты и другие парусно - моторные суда с мощностью двигателя:,s3--яхты-и-другие-парусно-моторные-суда-с-мощностью-двигателя,единиц,1354,2354,,,44
tn,2014,3,3,Яхты и другие парусно - моторные суда с мощностью двигателя:,"до 100 л.с. (до 73,55 кВт) включительно",s3--яхты-и-другие-парусно-моторные-суда-с-мощностью-двигателя--до-100-л-с-до-73-55-квт-включительно,единиц,1355,2355,,,45
tn,2014,3,3,Яхты и другие парусно - моторные суда с мощностью двигателя:,"свыше 100 л.с. (свыше 73,55 кВт)",s3--яхты-и-другие-парусно-моторные-суда-с-мощностью-двигателя--свыше-100-л-с-свыше-73-55-квт,единиц,1356,2356,,,46
tn,2014,3,2,,Гидроциклы с мощностью двигателя:,s3--гидроциклы-с-мощностью-двигателя,единиц,1357,2357,,,47
tn,2014,3,3,Гидроциклы с мощностью двигателя:,"до 100 л.с. (до 73,55 кВт) включительно",s3--гидроциклы-с-мощностью-двигателя--до-100-л-с-до-73-55-квт-включительно,единиц,1358,2358,,,48
tn,2014,3,3,Гидроциклы с мощностью двигателя:,"свыше 100 л.с. (свыше 73,55 кВт)",s3--гидроциклы-с-мощностью-двигателя--свыше-100-л-с-свыше-73-55-квт,единиц,1359,2359,,,49
tn,2014,3,2,,"Несамоходные (буксируемые) суда, для которых определяется валовая вместимость (с каждой регистровой тонны валовой вместимости)",s3--несамоходные-буксируемые-суда-для-которых-определяется-валовая-вместимость-с-каждои-регистровои-тонны-валовои-вместимости,единиц,1360,2360,,,50
tn,2014,3,1,,воздушных транспортных средств,s3--воздушных-транспортных-средств,единиц,1370,2370,,,51
tn,2014,4,0,,"Сумма налога, подлежащая уплате в бюджет - всего, тыс. руб.., в том числе:",s4--сумма-налога-подлежащая-уплате-в-бюджет-всего-тыс-руб-в-том-числе,тыс. руб.,1400,2400,,,52
tn,2014,4,1,,по наземным транспортным средствам,s4--по-наземным-транспортным-средствам,тыс. руб.,1410,2410,,,53
tn,2014,4,2,,Автомобили легковые с мощностью двигателя:,s4--автомобили-легковые-с-мощностью-двигателя,тыс. руб.,1411,2411,,,54
tn,2014,4,3,Автомобили легковые с мощностью двигателя:,"до 100 л.с. (до 73,55 кВт) включительно",s4--автомобили-легковые-с-мощностью-двигателя--до-100-л-с-до-73-55-квт-включительно,тыс. руб.,1412,2412,,,55
tn,2014,4,3,Автомобили легковые с мощностью двигателя:,"свыше 100 л.с. до 150 л.с. (свыше 73,55 кВт до 110,33 кВт) включительно",s4--автомобили-легковые-с-мощностью-двигателя--свыше-100-л-с-до-150-л-с-свыше-73-55-квт-до-110-33-квт-включительно,тыс. руб.,1413,2413,,,56
tn,2014,4,3,Автомобили легковые с мощностью двигателя:,"свыше 150 л.с. до 200 л.с. (свыше 110,33 кВт до 147,1 кВт) включительно",s4--автомобили-легковые-с-мощностью-двигателя--свыше-150-л-с-до-200-л-с-свыше-110-33-квт-до-147-1-квт-включительно,тыс. руб.,1414,2414,,,57
tn,2014,4,3,Автомобили легковые с мощностью двигателя:,"свыше 200 л.с. до 250 л.с. (свыше 147,1 кВт до 183,9 кВт) включительно",s4--автомобили-легковые-с-мощностью-двигателя--свыше-200-л-с-до-250-л-с-свыше-147-1-квт-до-183-9-квт-включительно,тыс. руб.,1415,2415,,,58
tn,2014,4,3,Автомобили легковые с мощностью двигателя:,"свыше 250 л.с. (свыше 183,9 кВт)",s4--автомобили-легковые-с-мощностью-двигателя--свыше-250-л-с-свыше-183-9-квт,тыс. руб.,1416,2416,,,59
tn,2014,4,3,Автомобили легковые с мощностью двигателя:,"в том числе с учетом повышающего коэффициента, установленного в соответствии с п.2 статьи 362 НК РФ",s4--в-том-числе-с-учетом-повышающего-коэффициента-установленного-в-соответствии-с-п-2-статьи-362-нк-рф,тыс. руб.,1417,2417,,,60
tn,2014,4,3,Автомобили легковые с мощностью двигателя:,"коэффициент 1,1",s4--коэффициент-1-1,тыс. руб.,1418,2418,,,61
tn,2014,4,3,Автомобили легковые с мощностью двигателя:,"коэффициент 1,3",s4--коэффициент-1-3,тыс. руб.,1419,2419,,,62
tn,2014,4,1,,"коэффициент 1,5",s4--коэффициент-1-5,тыс. руб.,1420,2420,,,63
tn,2014,4,1,,коэффициент 2,s4--коэффициент-2,тыс. руб.,1421,2421,,,64
tn,2014,4,1,,коэффициент 3,s4--коэффициент-3,тыс. руб.,1422,2422,,,65
tn,2014,4,2,,Мотоциклы и мотороллеры с мощностью двигателя:,s4--мотоциклы-и-мотороллеры-с-мощностью-двигателя,тыс. руб.,1423,2423,,,66
tn,2014,4,3,Мотоциклы и мотороллеры с мощностью двигателя:,"до 20 л.с. (до 14,7 кВт) включительно",s4--до-20-л-с-до-14-7-квт-включительно,тыс. руб.,1424,2424,,,67
tn,2014,4,3,Мотоциклы и мотороллеры с мощностью двигателя:,"свыше 20 л.с. до 35 л.с. (свыше 14,7 кВт до 25,74 кВт) включительно",s4--свыше-20-л-с-до-35-л-с-свыше-14-7-квт-до-25-74-квт-включительно,тыс. руб.,1425,2425,,,68
tn,2014,4,3,Мотоциклы и мотороллеры с мощностью двигателя:,"свыше 35 л.с. (свыше 25,74 кВт)",s4--мотоциклы-и-мотороллеры-с-мощностью-двигателя--свыше-35-л-с-свыше-25-74-квт,тыс. руб.,1426,2426,,,69
tn,2014,4,2,,Автобусы с мощностью двигателя:,s4--автобусы-с-мощностью-двигателя,тыс. руб.,1427,2427,,,70
tn,2014,4,3,Автобусы с мощностью двигателя:,"до 200 л.с. (до 147,1 кВт) включительно",s4--до-200-л-с-до-147-1-квт-включительно,тыс. руб.,1428,2428,,,71
tn,2014,4,3,Автобусы с мощностью двигателя:,"свыше 200 л.с. (свыше 147,1 кВт)",s4--свыше-200-л-с-свыше-147-1-квт,тыс. руб.,1429,2429,,,72
tn,2014,4,2,,Автомобили грузовые с мощностью двигателя:,s4--автомобили-грузовые-с-мощностью-двигателя,тыс. руб.,1430,2430,,,73
tn,2014,4,3,Автомобили грузовые с мощностью двигателя:,"до 100 л.с. (до 73,55 кВт) включительно",s4--автомобили-грузовые-с-мощностью-двигателя--до-100-л-с-до-73-55-квт-включительно,тыс. руб.,1431,2431,,,74
tn,2014,4,3,Автомобили грузовые с мощностью двигателя:,"свыше 100 л.с. до 150 л.с. (свыше 73,55 кВт до 110,33 кВт) включительно",s4--автомобили-грузовые-с-мощностью-двигателя--свыше-100-л-с-до-150-л-с-свыше-73-55-квт-до-110-33-квт-включительно,тыс. руб.,1432,2432,,,75
tn,2014,4,3,Автомобили грузовые с мощностью двигателя:,"свыше 150 л.с. до 200 л.с. (свыше 110,33 кВт до 147,1 кВт) включительно",s4--автомобили-грузовые-с-мощностью-двигателя--свыше-150-л-с-до-200-л-с-свыше-110-33-квт-до-147-1-квт-включительно,тыс. руб.,1433,2433,,,76
tn,2014,4,3,Автомобили грузовые с мощностью двигателя:,"свыше 200 л.с. до 250 л.с. (свыше 147,1 кВт до 183,9 кВт) включительно",s4--автомобили-грузовые-с-мощностью-двигателя--свыше-200-л-с-до-250-л-с-свыше-147-1-квт-до-183-9-квт-включительно,тыс. руб.,1434,2434,,,77
tn,2014,4,3,Автомобили грузовые с мощностью двигателя:,"свыше 250 л.с. (свыше 183,9 кВт)",s4--автомобили-грузовые-с-мощностью-двигателя--свыше-250-л-с-свыше-183-9-квт,тыс. руб.,1435,2435,,,78
tn,2014,4,2,,"Другие самоходные транспортные средства, машины и механизмы на пневматическом и гусеничном ходу",s4--другие-самоходные-транспортные-средства-машины-и-механизмы-на-пневматическом-и-гусеничном-ходу,тыс. руб.,1436,2436,,,79
tn,2014,4,2,,"Снегоходы, мотосани с мощностью двигателя:",s4--снегоходы-мотосани-с-мощностью-двигателя,тыс. руб.,1437,2437,,,80
tn,2014,4,3,"Снегоходы, мотосани с мощностью двигателя:","до 50 л.с. (до 36,77 кВт) включительно",s4--до-50-л-с-до-36-77-квт-включительно,тыс. руб.,1438,2438,,,81
tn,2014,4,3,"Снегоходы, мотосани с мощностью двигателя:","свыше 50 л.с. (свыше 36,77 кВт)",s4--свыше-50-л-с-свыше-36-77-квт,тыс. руб.,1439,2439,,,82
tn,2014,4,1,,из них зарегистрированных в подразделениях Госавтоинспекции МВД России,s4--из-них-зарегистрированных-в-подразделениях-госавтоинспекции-мвд-россии,тыс. руб.,1440,2440,,,83
tn,2014,4,1,,по водным транспортным средствам,s4--по-водным-транспортным-средствам,тыс. руб.,1450,2450,,,84
tn,2014,4,2,,"Катера, моторные лодки и другие водные транспортные средства с мощностью двигателя:",s4--катера-моторные-лодки-и-другие-водные-транспортные-средства-с-мощностью-двигателя,тыс. руб.,1451,2451,,,85
tn,2014,4,3,"Катера, моторные лодки и другие водные транспортные средства с мощностью двигателя:","до 100 л.с. (до 73,55 кВт) включительно",s4--катера-моторные-лодки-и-другие-водные-транспортные-средства-с-мощностью-двигателя--до-100-л-с-до-73-55-квт-включительно,тыс. руб.,1452,2452,,,86
tn,2014,4,3,"Катера, моторные лодки и другие водные транспортные средства с мощностью двигателя:","свыше 100 л.с. (свыше 73,55 кВт)",s4--катера-моторные-лодки-и-другие-водные-транспортные-средства-с-мощностью-двигателя--свыше-100-л-с-свыше-73-55-квт,тыс. руб.,1453,2453,,,87
tn,2014,4,2,,Яхты и другие парусно - моторные суда с мощностью двигателя:,s4--яхты-и-другие-парусно-моторные-суда-с-мощностью-двигателя,тыс. руб.,1454,2454,,,88
tn,2014,4,3,Яхты и другие парусно - моторные суда с мощностью двигателя:,"до 100 л.с. (до 73,55 кВт) включительно",s4--яхты-и-другие-парусно-моторные-суда-с-мощностью-двигателя--до-100-л-с-до-73-55-квт-включительно,тыс. руб.,1455,2455,,,89
tn,2014,4,3,Яхты и другие парусно - моторные суда с мощностью двигателя:,"свыше 100 л.с. (свыше 73,55 кВт)",s4--яхты-и-другие-парусно-моторные-суда-с-мощностью-двигателя--свыше-100-л-с-свыше-73-55-квт,тыс. руб.,1456,2456,,,90
tn,2014,4,2,,Гидроциклы с мощностью двигателя:,s4--гидроциклы-с-мощностью-двигателя,тыс. руб.,1457,2457,,,91
tn,2014,4,3,Гидроциклы с мощностью двигателя:,"до 100 л.с. (до 73,55 кВт) включительно",s4--гидроциклы-с-мощностью-двигателя--до-100-л-с-до-73-55-квт-включительно,тыс. руб.,1458,2458,,,92
tn,2014,4,3,Гидроциклы с мощностью двигателя:,"свыше 100 л.с. (свыше 73,55 кВт)",s4--гидроциклы-с-мощностью-двигателя--свыше-100-л-с-свыше-73-55-квт,тыс. руб.,1459,2459,,,93
tn,2014,4,2,,"Несамоходные (буксируемые) суда, для которых определяется валовая вместимость (с каждой регистровой тонны валовой вместимости)",s4--несамоходные-буксируемые-суда-для-которых-определяется-валовая-вместимость-с-каждои-регистровои-тонны-валовои-вместимости,тыс. руб.,1460,2460,,,94
tn,2014,4,1,,по воздушным транспортным средствам,s4--по-воздушным-транспортным-средствам,тыс. руб.,1470,2470,,,95
tn,2014,5,0,,"Сумма налога, не поступившая в бюджет в связи с предоставлением налогоплательщикам налоговых льгот, в том числе:",s5--сумма-налога-не-поступившая-в-бюджет-в-связи-с-предоставлением-налогоплательщикам-налоговых-льгот-в-том-числе,тыс. руб.,1500,2500,,,96
tn,2015,1,0,,"Количество налогоплательщиков, которым(и) начислен налог к уплате в бюджет, единиц",s1--количество-налогоплательщиков-которым-и-начислен-налог-к-уплате-в-бюджет-единиц,единиц,1100,2100,,,1
tn,2015,1,1,,которым исчислен налог и не предоставлены налоговые льготы,s1--которым-исчислен-налог-и-не-предоставлены-налоговые-льготы,единиц,1110,2110,,,2
tn,2015,1,1,,которым предоставлены налоговые льготы,s1--которым-предоставлены-налоговые-льготы,единиц,1120,2120,,,3
tn,2015,2,0,,"Количество транспортных средств в базе данных налогового органа - всего, единиц, в том числе:",s2--количество-транспортных-средств-в-базе-данных-налогового-органа-всего-единиц-в-том-числе,единиц,1200,2200,,,4
tn,2015,2,1,,наземных транспортных средств,s2--наземных-транспортных-средств,единиц,1210,2210,,,5
tn,2015,2,1,,водных транспортных средств,s2--водных-транспортных-средств,единиц,1220,2220,,,6
tn,2015,2,1,,воздушных транспортных средств,s2--воздушных-транспортных-средств,единиц,1230,2230,,,7
tn,2015,3,0,,"Количество транспортных средств, по которым начислен налог к уплате в бюджет - всего, единиц, в том числе:",s3--количество-транспортных-средств-по-которым-начислен-налог-к-уплате-в-бюджет-всего-единиц-в-том-числе,единиц,1300,2300,,,8
tn,2015,3,1,,наземных транспортных средств,s3--наземных-транспортных-средств,единиц,1310,2310,,,9
tn,2015,3,2,,Автомобили легковые с мощностью двигателя:,s3--автомобили-легковые-с-мощностью-двигателя,единиц,1311,2311,,,10
tn,2015,3,3,Автомобили легковые с мощностью двигателя:,"до 100 л.с. (до 73,55 кВт) включительно",s3--автомобили-легковые-с-мощностью-двигателя--до-100-л-с-до-73-55-квт-включительно,единиц,1312,2312,,,11
tn,2015,3,3,Автомобили легковые с мощностью двигателя:,"свыше 100 л.с. до 150 л.с. (свыше 73,55 кВт до 110,33 кВт) включительно",s3--автомобили-легковые-с-мощностью-двигателя--свыше-100-л-с-до-150-л-с-свыше-73-55-квт-до-110-33-квт-включительно,единиц,1313,2313,,,12
tn,2015,3,3,Автомобили легковые с мощностью двигателя:,"свыше 150 л.с. до 200 л.с. (свыше 110,33 кВт до 147,1 кВт) включительно",s3--автомобили-легковые-с-мощностью-двигателя--свыше-150-л-с-до-200-л-с-свыше-110-33-квт-до-147-1-квт-включительно,единиц,1314,2314,,,13
tn,2015,3,3,Автомобили легковые с мощностью двигателя:,"свыше 200 л.с. до 250 л.с. (свыше 147,1 кВт до 183,9 кВт) включительно",s3--автомобили-легковые-с-мощностью-двигателя--свыше-200-л-с-до-250-л-с-свыше-147-1-квт-до-183-9-квт-включительно,единиц,1315,2315,,,14
tn,2015,3,3,Автомобили легковые с мощностью двигателя:,"свыше 250 л.с. (свыше 183,9 кВт)",s3--автомобили-легковые-с-мощностью-двигателя--свыше-250-л-с-свыше-183-9-квт,единиц,1316,2316,,,15
tn,2015,3,3,Автомобили легковые с мощностью двигателя:,"в том числе с учетом повышающего коэффициента, установленного в соответствии с п.2 статьи 362 НК РФ",s3--в-том-числе-с-учетом-повышающего-коэффициента-установленного-в-соответствии-с-п-2-статьи-362-нк-рф,единиц,1317,2317,,,16
tn,2015,3,3,Автомобили легковые с мощностью двигателя:,"коэффициент 1,1",s3--коэффициент-1-1,единиц,1318,2318,,,17
tn,2015,3,3,Автомобили легковые с мощностью двигателя:,"коэффициент 1,3",s3--коэффициент-1-3,единиц,1319,2319,,,18
tn,2015,3,1,,"коэффициент 1,5",s3--коэффициент-1-5,единиц,1320,2320,,,19
tn,2015,3,1,,коэффициент 2,s3--коэффициент-2,единиц,1321,2321,,,20
tn,2015,3,1,,коэффициент 3,s3--коэффициент-3,единиц,1322,2322,,,21
tn,2015,3,2,,Мотоциклы и мотороллеры с мощностью двигателя:,s3--мотоциклы-и-мотороллеры-с-мощностью-двигателя,единиц,1323,2323,,,22
tn,2015,3,3,Мотоциклы и мотороллеры с мощностью двигателя:,"до 20 л.с. (до 14,7 кВт) включительно",s3--до-20-л-с-до-14-7-квт-включительно,единиц,1324,2324,,,23
tn,2015,3,3,Мотоциклы и мотороллеры с мощностью двигателя:,"свыше 20 л.с. до 35 л.с. (свыше 14,7 кВт до 25,74 кВт) включительно",s3--свыше-20-л-с-до-35-л-с-свыше-14-7-квт-до-25-74-квт-включительно,единиц,1325,2325,,,24
tn,2015,3,3,Мотоциклы и мотороллеры с мощностью двигателя:,"свыше 35 л.с. (свыше 25,74 кВт)",s3--мотоциклы-и-мотороллеры-с-мощностью-двигателя--свыше-35-л-с-свыше-25-74-квт,единиц,1326,2326,,,25
tn,2015,3,2,,Автобусы с мощностью двигателя:,s3--автобусы-с-мощностью-двигателя,единиц,1327,2327,,,26
tn,2015,3,3,Автобусы с мощностью двигателя:,"до 200 л.с. (до 147,1 кВт) включительно",s3--до-200-л-с-до-147-1-квт-включительно,единиц,1328,2328,,,27
tn,2015,3,3,Автобусы с мощностью двигателя:,"свыше 200 л.с. (свыше 147,1 кВт)",s3--свыше-200-л-с-свыше-147-1-квт,единиц,1329,2329,,,28
tn,2015,3,2,,Автомобили грузовые с мощностью двигателя:,s3--автомобили-грузовые-с-мощностью-двигателя,единиц,1330,2330,,,29
tn,2015,3,3,Автомобили грузовые с мощностью двигателя:,"до 100 л.с. (до 73,55 кВт) включительно",s3--автомобили-грузовые-с-мощностью-двигателя--до-100-л-с-до-73-55-квт-включительно,единиц,1331,2331,,,30
tn,2015,3,3,Автомобили грузовые с мощностью двигателя:,"свыше 100 л.с. до 150 л.с. (свыше 73,55 кВт до 110,33 кВт) включительно",s3--автомобили-грузовые-с-мощностью-двигателя--свыше-100-л-с-до-150-л-с-свыше-73-55-квт-до-110-33-квт-включительно,единиц,1332,2332,,,31
tn,2015,3,3,Автомобили грузовые с мощностью двигателя:,"свыше 150 л.с. до 200 л.с. (свыше 110,33 кВт до 147,1 кВт) включительно",s3--автомобили-грузовые-с-мощностью-двигателя--свыше-150-л-с-до-200-л-с-свыше-110-33-квт-до-147-1-квт-включительно,единиц,1333,2333,,,32
tn,2015,3,3,Автомобили грузовые с мощностью двигателя:,"свыше 200 л.с. до 250 л.с. (свыше 147,1 кВт до 183,9 кВт) включительно",s3--автомобили-грузовые-с-мощностью-двигателя--свыше-200-л-с-до-250-л-с-свыше-147-1-квт-до-183-9-квт-включительно,единиц,1334,2334,,,33
tn,2015,3,3,Автомобили грузовые с мощностью двигателя:,"свыше 250 л.с. (свыше 183,9 кВт)",s3--автомобили-грузовые-с-мощностью-двигателя--свыше-250-л-с-свыше-183-9-квт,единиц,1335,2335,,,34
tn,2015,3,2,,"Другие самоходные транспортные средства, машины и механизмы на пневматическом и гусеничном ходу",s3--другие-самоходные-транспортные-средства-машины-и-механизмы-на-пневматическом-и-гусеничном-ходу,единиц,1336,2336,,,35
tn,2015,3,2,,"Снегоходы, мотосани с мощностью двигателя:",s3--снегоходы-мотосани-с-мощностью-двигателя,единиц,1337,2337,,,36
tn,2015,3,3,"Снегоходы, мотосани с мощностью двигателя:","до 50 л.с. (до 36,77 кВт) включительно",s3--до-50-л-с-до-36-77-квт-включительно,единиц,1338,2338,,,37
tn,2015,3,3,"Снегоходы, мотосани с мощностью двигателя:","свыше 50 л.с. (свыше 36,77 кВт)",s3--свыше-50-л-с-свыше-36-77-квт,единиц,1339,2339,,,38
tn,2015,3,1,,из них зарегистрированных в подразделениях Госавтоинспекции МВД России,s3--из-них-зарегистрированных-в-подразделениях-госавтоинспекции-мвд-россии,единиц,1340,2340,,,39
tn,2015,3,1,,водных транспортных средств,s3--водных-транспортных-средств,единиц,1350,2350,,,40
tn,2015,3,2,,"Катера, моторные лодки и другие водные транспортные средства с мощностью двигателя:",s3--катера-моторные-лодки-и-другие-водные-транспортные-средства-с-мощностью-двигателя,единиц,1351,2351,,,41
tn,2015,3,3,"Катера, моторные лодки и другие водные транспортные средства с мощностью двигателя:","до 100 л.с. (до 73,55 кВт) включительно",s3--катера-моторные-лодки-и-другие-водные-транспортные-средства-с-мощностью-двигателя--до-100-л-с-до-73-55-квт-включительно,единиц,1352,2352,,,42
tn,2015,3,3,"Катера, моторные лодки и другие водные транспортные средства с мощностью двигателя:","свыше 100 л.с. (свыше 73,55 кВт)",s3--катера-моторные-лодки-и-другие-водные-транспортные-средства-с-мощностью-двигателя--свыше-100-л-с-свыше-73-55-квт,единиц,1353,2353,,,43
tn,2015,3,2,,Яхты и другие парусно - моторные суда с мощностью двигателя:,s3--яхты-и-другие-парусно-моторные-суда-с-мощностью-двигателя,единиц,1354,2354,,,44
tn,2015,3,3,Яхты и другие парусно - моторные суда с мощностью двигателя:,"до 100 л.с. (до 73,55 кВт) включительно",s3--яхты-и-другие-парусно-моторные-суда-с-мощностью-двигателя--до-100-л-с-до-73-55-квт-включительно,единиц,1355,2355,,,45
tn,2015,3,3,Яхты и другие парусно - моторные суда с мощностью двигателя:,"свыше 100 л.с. (свыше 73,55 кВт)",s3--яхты-и-другие-парусно-моторные-суда-с-мощностью-двигателя--свыше-100-л-с-свыше-73-55-квт,единиц,1356,2356,,,46
tn,2015,3,2,,Гидроциклы с мощностью двигателя:,s3--гидроциклы-с-мощностью-двигателя,единиц,1357,2357,,,47
tn,2015,3,3,Гидроциклы с мощностью двигателя:,"до 100 л.с. (до 73,55 кВт) включительно",s3--гидроциклы-с-мощностью-двигателя--до-100-л-с-до-73-55-квт-включительно,единиц,1358,2358,,,48
tn,2015,3,3,Гидроциклы с мощностью двигателя:,"свыше 100 л.с. (свыше 73,55 кВт)",s3--гидроциклы-с-мощностью-двигателя--свыше-100-л-с-свыше-73-55-квт,единиц,1359,2359,,,49
tn,2015,3,2,,"Несамоходные (буксируемые) суда, для которых определяется валовая вместимость (с каждой регистровой тонны валовой вместимости)",s3--несамоходные-буксируемые-суда-для-которых-определяется-валовая-вместимость-с-каждои-регистровои-тонны-валовои-вместимости,единиц,1360,2360,,,50
tn,2015,3,1,,воздушных транспортных средств,s3--воздушных-транспортных-средств,единиц,1370,2370,,,51
tn,2015,4,0,,"Сумма налога, подлежащая уплате в бюджет - всего, тыс. руб.., в том числе:",s4--сумма-налога-подлежащая-уплате-в-бюджет-всего-тыс-руб-в-том-числе,тыс. руб.,1400,2400,,,52
tn,2015,4,1,,по наземным транспортным средствам,s4--по-наземным-транспортным-средствам,тыс. руб.,1410,2410,,,53
tn,2015,4,2,,Автомобили легковые с мощностью двигателя:,s4--автомобили-легковые-с-мощностью-двигателя,тыс. руб.,1411,2411,,,54
tn,2015,4,3,Автомобили легковые с мощностью двигателя:,"до 100 л.с. (до 73,55 кВт) включительно",s4--автомобили-легковые-с-мощностью-двигателя--до-100-л-с-до-73-55-квт-включительно,тыс. руб.,1412,2412,,,55
tn,2015,4,3,Автомобили легковые с мощностью двигателя:,"свыше 100 л.с. до 150 л.с. (свыше 73,55 кВт до 110,33 кВт) включительно",s4--автомобили-легковые-с-мощностью-двигателя--свыше-100-л-с-до-150-л-с-свыше-73-55-квт-до-110-33-квт-включительно,тыс. руб.,1413,2413,,,56
tn,2015,4,3,Автомобили легковые с мощностью двигателя:,"свыше 150 л.с. до 200 л.с. (свыше 110,33 кВт до 147,1 кВт) включительно",s4--автомобили-легковые-с-мощностью-двигателя--свыше-150-л-с-до-200-л-с-свыше-110-33-квт-до-147-1-квт-включительно,тыс. руб.,1414,2414,,,57
tn,2015,4,3,Автомобили легковые с мощностью двигателя:,"свыше 200 л.с. до 250 л.с. (свыше 147,1 кВт до 183,9 кВт) включительно",s4--автомобили-легковые-с-мощностью-двигателя--свыше-200-л-с-до-250-л-с-свыше-147-1-квт-до-183-9-квт-включительно,тыс. руб.,1415,2415,,,58
tn,2015,4,3,Автомобили легковые с мощностью двигателя:,"свыше 250 л.с. (свыше 183,9 кВт)",s4--автомобили-легковые-с-мощностью-двигателя--свыше-250-л-с-свыше-183-9-квт,тыс. руб.,1416,2416,,,59
tn,2015,4,3,Автомобили легковые с мощностью двигателя:,"в том числе с учетом повышающего коэффициента, установленного в соответствии с п.2 статьи 362 НК РФ",s4--в-том-числе-с-учетом-повышающего-коэффициента-установленного-в-соответствии-с-п-2-статьи-362-нк-рф,тыс. руб.,1417,2417,,,60
tn,2015,4,3,Автомобили легковые с мощностью двигателя:,"коэффициент 1,1",s4--коэффициент-1-1,тыс. руб.,1418,2418,,,61
tn,2015,4,3,Автомобили легковые с мощностью двигателя:,"коэффициент 1,3",s4--коэффициент-1-3,тыс. руб.,1419,2419,,,62
tn,2015,4,1,,"коэффициент 1,5",s4--коэффициент-1-5,тыс. руб.,1420,2420,,,63
tn,2015,4,1,,коэффициент 2,s4--коэффициент-2,тыс. руб.,1421,2421,,,64
tn,2015,4,1,,коэффициент 3,s4--коэффициент-3,тыс. руб.,1422,2422,,,65
tn,2015,4,2,,Мотоциклы и мотороллеры с мощностью двигателя:,s4--мотоциклы-и-мотороллеры-с-мощностью-двигателя,тыс. руб.,1423,2423,,,66
tn,2015,4,3,Мотоциклы и мотороллеры с мощностью двигателя:,"до 20 л.с. (до 14,7 кВт) включительно",s4--до-20-л-с-до-14-7-квт-включительно,тыс. руб.,1424,2424,,,67
tn,2015,4,3,Мотоциклы и мотороллеры с мощностью двигателя:,"свыше 20 л.с. до 35 л.с. (свыше 14,7 кВт до 25,74 кВт) включительно",s4--свыше-20-л-с-до-35-л-с-свыше-14-7-квт-до-25-74-квт-включительно,тыс. руб.,1425,2425,,,68
tn,2015,4,3,Мотоциклы и мотороллеры с мощностью двигателя:,"свыше 35 л.с. (свыше 25,74 кВт)",s4--мотоциклы-и-мотороллеры-с-мощностью-двигателя--свыше-35-л-с-свыше-25-74-квт,тыс. руб.,1426,2426,,,69
tn,2015,4,2,,Автобусы с мощностью двигателя:,s4--автобусы-с-мощностью-двигателя,тыс. руб.,1427,2427,,,70
tn,2015,4,3,Автобусы с мощностью двигателя:,"до 200 л.с. (до 147,1 кВт) включительно",s4--до-200-л-с-до-147-1-квт-включительно,тыс. руб.,1428,2428,,,71
tn,2015,4,3,Автобусы с мощностью двигателя:,"свыше 200 л.с. (свыше 147,1 кВт)",s4--свыше-200-л-с-свыше-147-1-квт,тыс. руб.,1429,2429,,,72
tn,2015,4,2,,Автомобили грузовые с мощностью двигателя:,s4--автомобили-грузовые-с-мощностью-двигателя,тыс. руб.,1430,2430,,,73
tn,2015,4,3,Автомобили грузовые с мощностью двигателя:,"до 100 л.с. (до 73,55 кВт) включительно",s4--автомобили-грузовые-с-мощностью-двигателя--до-100-л-с-до-73-55-квт-включительно,тыс. руб.,1431,2431,,,74
tn,2015,4,3,Автомобили грузовые с мощностью двигателя:,"свыше 100 л.с. до 150 л.с. (свыше 73,55 кВт до 110,33 кВт) включительно",s4--автомобили-грузовые-с-мощностью-двигателя--свыше-100-л-с-до-150-л-с-свыше-73-55-квт-до-110-33-квт-включительно,тыс. руб.,1432,2432,,,75
tn,2015,4,3,Автомобили грузовые с мощностью двигателя:,"свыше 150 л.с. до 200 л.с. (свыше 110,33 кВт до 147,1 кВт) включительно",s4--автомобили-грузовые-с-мощностью-двигателя--свыше-150-л-с-до-200-л-с-свыше-110-33-квт-до-147-1-квт-включительно,тыс. руб.,1433,2433,,,76
tn,2015,4,3,Автомобили грузовые с мощностью двигателя:,"свыше 200 л.с. до 250 л.с. (свыше 147,1 кВт до 183,9 кВт) включительно",s4--автомобили-грузовые-с-мощностью-двигателя--свыше-200-л-с-до-250-л-с-свыше-147-1-квт-до-183-9-квт-включительно,тыс. руб.,1434,2434,,,77
tn,2015,4,3,Автомобили грузовые с мощностью двигателя:,"свыше 250 л.с. (свыше 183,9 кВт)",s4--автомобили-грузовые-с-мощностью-двигателя--свыше-250-л-с-свыше-183-9-квт,тыс. руб.,1435,2435,,,78
tn,2015,4,2,,"Другие самоходные транспортные средства, машины и механизмы на пневматическом и гусеничном ходу",s4--другие-самоходные-транспортные-средства-машины-и-механизмы-на-пневматическом-и-гусеничном-ходу,тыс. руб.,1436,2436,,,79
tn,2015,4,2,,"Снегоходы, мотосани с мощностью двигателя:",s4--снегоходы-мотосани-с-мощностью-двигателя,тыс. руб.,1437,2437,,,80
tn,2015,4,3,"Снегоходы, мотосани с мощностью двигателя:","до 50 л.с. (до 36,77 кВт) включительно",s4--до-50-л-с-до-36-77-квт-включительно,тыс. руб.,1438,2438,,,81
tn,2015,4,3,"Снегоходы, мотосани с мощностью двигателя:","свыше 50 л.с. (свыше 36,77 кВт)",s4--свыше-50-л-с-свыше-36-77-квт,тыс. руб.,1439,2439,,,82
tn,2015,4,1,,из них зарегистрированных в подразделениях Госавтоинспекции МВД России,s4--из-них-зарегистрированных-в-подразделениях-госавтоинспекции-мвд-россии,тыс. руб.,1440,2440,,,83
tn,2015,4,1,,по водным транспортным средствам,s4--по-водным-транспортным-средствам,тыс. руб.,1450,2450,,,84
tn,2015,4,2,,"Катера, моторные лодки и другие водные транспортные средства с мощностью двигателя:",s4--катера-моторные-лодки-и-другие-водные-транспортные-средства-с-мощностью-двигателя,тыс. руб.,1451,2451,,,85
tn,2015,4,3,"Катера, моторные лодки и другие водные транспортные средства с мощностью двигателя:","до 100 л.с. (до 73,55 кВт) включительно",s4--катера-моторные-лодки-и-другие-водные-транспортные-средства-с-мощностью-двигателя--до-100-л-с-до-73-55-квт-включительно,тыс. руб.,1452,2452,,,86
tn,2015,4,3,"Катера, моторные лодки и другие водные транспортные средства с мощностью двигателя:","свыше 100 л.с. (свыше 73,55 кВт)",s4--катера-моторные-лодки-и-другие-водные-транспортные-средства-с-мощностью-двигателя--свыше-100-л-с-свыше-73-55-квт,тыс. руб.,1453,2453,,,87
tn,2015,4,2,,Яхты и другие парусно - моторные суда с мощностью двигателя:,s4--яхты-и-другие-парусно-моторные-суда-с-мощностью-двигателя,тыс. руб.,1454,2454,,,88
tn,2015,4,3,Яхты и другие парусно - моторные суда с мощностью двигателя:,"до 100 л.с. (до 73,55 кВт) включительно",s4--яхты-и-другие-парусно-моторные-суда-с-мощностью-двигателя--до-100-л-с-до-73-55-квт-включительно,тыс. руб.,1455,2455,,,89
tn,2015,4,3,Яхты и другие парусно - моторные суда с мощностью двигателя:,"свыше 100 л.с. (свыше 73,55 кВт)",s4--яхты-и-другие-парусно-моторные-суда-с-мощностью-двигателя--свыше-100-л-с-свыше-73-55-квт,тыс. руб.,1456,2456,,,90
tn,2015,4,2,,Гидроциклы с мощностью двигателя:,s4--гидроциклы-с-мощностью-двигателя,тыс. руб.,1457,2457,,,91
tn,2015,4,3,Гидроциклы с мощностью двигателя:,"до 100 л.с. (до 73,55 кВт) включительно",s4--гидроциклы-с-мощностью-двигателя--до-100-л-с-до-73-55-квт-включительно,тыс. руб.,1458,2458,,,92
tn,2015,4,3,Гидроциклы с мощностью двигателя:,"свыше 100 л.с. (свыше 73,55 кВт)",s4--гидроциклы-с-мощностью-двигателя--свыше-100-л-с-свыше-73-55-квт,тыс. руб.,1459,2459,,,93
tn,2015,4,2,,"Несамоходные (буксируемые) суда, для которых определяется валовая вместимость (с каждой регистровой тонны валовой вместимости)",s4--несамоходные-буксируемые-суда-для-которых-определяется-валовая-вместимость-с-каждои-регистровои-тонны-валовои-вместимости,тыс. руб.,1460,2460,,,94
tn,2015,4,1,,по воздушным транспортным средствам,s4--по-воздушным-транспортным-средствам,тыс. руб.,1470,2470,,,95
tn,2015,5,0,,"Сумма налога, не поступившая в бюджет в связи с предоставлением налогоплательщикам налоговых льгот, в том числе:",s5--сумма-налога-не-поступившая-в-бюджет-в-связи-с-предоставлением-налогоплательщикам-налоговых-льгот-в-том-числе,тыс. руб.,1500,2500,,,96
tn,2016,1,0,,"Количество налогоплательщиков, которым(и) начислен налог к уплате в бюджет, единиц",s1--количество-налогоплательщиков-которым-и-начислен-налог-к-уплате-в-бюджет-единиц,единиц,1100,2100,,,1
tn,2016,1,1,,которым исчислен налог и не предоставлены налоговые льготы,s1--которым-исчислен-налог-и-не-предоставлены-налоговые-льготы,единиц,1110,2110,,,2
tn,2016,1,1,,которым предоставлены налоговые льготы,s1--которым-предоставлены-налоговые-льготы,единиц,1120,2120,,,3
tn,2016,2,0,,"Количество транспортных средств в базе данных налогового органа - всего, единиц, в том числе:",s2--количество-транспортных-средств-в-базе-данных-налогового-органа-всего-единиц-в-том-числе,единиц,1200,2200,,,4
tn,2016,2,1,,наземных транспортных средств,s2--наземных-транспортных-средств,единиц,1210,2210,,,5
tn,2016,2,1,,водных транспортных средств,s2--водных-транспортных-средств,единиц,1220,2220,,,6
tn,2016,2,1,,воздушных транспортных средств,s2--воздушных-транспортных-средств,единиц,1230,2230,,,7
tn,2016,3,0,,"Количество транспортных средств, по которым начислен налог к уплате в бюджет - всего, единиц, в том числе:",s3--количество-транспортных-средств-по-которым-начислен-налог-к-уплате-в-бюджет-всего-единиц-в-том-числе,единиц,1300,2300,,,8
tn,2016,3,1,,наземных транспортных средств,s3--наземных-транспортных-средств,единиц,1310,2310,,,9
tn,2016,3,2,,Автомобили легковые с мощностью двигателя:,s3--автомобили-легковые-с-мощностью-двигателя,единиц,1311,2311,,,10
tn,2016,3,3,Автомобили легковые с мощностью двигателя:,"до 100 л.с. (до 73,55 кВт) включительно",s3--автомобили-легковые-с-мощностью-двигателя--до-100-л-с-до-73-55-квт-включительно,единиц,1312,2312,,,11
tn,2016,3,3,Автомобили легковые с мощностью двигателя:,"свыше 100 л.с. до 150 л.с. (свыше 73,55 кВт до 110,33 кВт) включительно",s3--автомобили-легковые-с-мощностью-двигателя--свыше-100-л-с-до-150-л-с-свыше-73-55-квт-до-110-33-квт-включительно,единиц,1313,2313,,,12
tn,2016,3,3,Автомобили легковые с мощностью двигателя:,"свыше 150 л.с. до 200 л.с. (свыше 110,33 кВт до 147,1 кВт) включительно",s3--автомобили-легковые-с-мощностью-двигателя--свыше-150-л-с-до-200-л-с-свыше-110-33-квт-до-147-1-квт-включительно,единиц,1314,2314,,,13
tn,2016,3,3,Автомобили легковые с мощностью двигателя:,"свыше 200 л.с. до 250 л.с. (свыше 147,1 кВт до 183,9 кВт) включительно",s3--автомобили-легковые-с-мощностью-двигателя--свыше-200-л-с-до-250-л-с-свыше-147-1-квт-до-183-9-квт-включительно,единиц,1315,2315,,,14
tn,2016,3,3,Автомобили легковые с мощностью двигателя:,"свыше 250 л.с. (свыше 183,9 кВт)",s3--автомобили-легковые-с-мощностью-двигателя--свыше-250-л-с-свыше-183-9-квт,единиц,1316,2316,,,15
tn,2016,3,3,Автомобили легковые с мощностью двигателя:,"в том числе с учетом повышающего коэффициента, установленного в соответствии с п.2 статьи 362 НК РФ",s3--в-том-числе-с-учетом-повышающего-коэффициента-установленного-в-соответствии-с-п-2-статьи-362-нк-рф,единиц,1317,2317,,,16
tn,2016,3,3,Автомобили легковые с мощностью двигателя:,"коэффициент 1,1",s3--коэффициент-1-1,единиц,1318,2318,,,17
tn,2016,3,3,Автомобили легковые с мощностью двигателя:,"коэффициент 1,3",s3--коэффициент-1-3,единиц,1319,2319,,,18
tn,2016,3,1,,"коэффициент 1,5",s3--коэффициент-1-5,единиц,1320,2320,,,19
tn,2016,3,1,,коэффициент 2,s3--коэффициент-2,единиц,1321,2321,,,20
tn,2016,3,1,,коэффициент 3,s3--коэффициент-3,единиц,1322,2322,,,21
tn,2016,3,2,,Мотоциклы и мотороллеры с мощностью двигателя:,s3--мотоциклы-и-мотороллеры-с-мощностью-двигателя,единиц,1323,2323,,,22
tn,2016,3,3,Мотоциклы и мотороллеры с мощностью двигателя:,"до 20 л.с. (до 14,7 кВт) включительно",s3--до-20-л-с-до-14-7-квт-включительно,единиц,1324,2324,,,23
tn,2016,3,3,Мотоциклы и мотороллеры с мощностью двигателя:,"свыше 20 л.с. до 35 л.с. (свыше 14,7 кВт до 25,74 кВт) включительно",s3--свыше-20-л-с-до-35-л-с-свыше-14-7-квт-до-25-74-квт-включительно,единиц,1325,2325,,,24
tn,2016,3,3,Мотоциклы и мотороллеры с мощностью двигателя:,"свыше 35 л.с. (свыше 25,74 кВт)",s3--мотоциклы-и-мотороллеры-с-мощностью-двигателя--свыше-35-л-с-свыше-25-74-квт,единиц,1326,2326,,,25
tn,2016,3,2,,Автобусы с мощностью двигателя:,s3--автобусы-с-мощностью-двигателя,единиц,1327,2327,,,26
tn,2016,3,3,Автобусы с мощностью двигателя:,"до 200 л.с. (до 147,1 кВт) включительно",s3--до-200-л-с-до-147-1-квт-включительно,единиц,1328,2328,,,27
tn,2016,3,3,Автобусы с мощностью двигателя:,"свыше 200 л.с. (свыше 147,1 кВт)",s3--свыше-200-л-с-свыше-147-1-квт,единиц,1329,2329,,,28
tn,2016,3,2,,Автомобили грузовые с мощностью двигателя:,s3--автомобили-грузовые-с-мощностью-двигателя,единиц,1330,2330,,,29
tn,2016,3,3,Автомобили грузовые с мощностью двигателя:,"до 100 л.с. (до 73,55 кВт) включительно",s3--автомобили-грузовые-с-мощностью-двигателя--до-100-л-с-до-73-55-квт-включительно,единиц,1331,2331,,,30
tn,2016,3,3,Автомобили грузовые с мощностью двигателя:,"свыше 100 л.с. до 150 л.с. (свыше 73,55 кВт до 110,33 кВт) включительно",s3--автомобили-грузовые-с-мощностью-двигателя--свыше-100-л-с-до-150-л-с-свыше-73-55-квт-до-110-33-квт-включительно,единиц,1332,2332,,,31
tn,2016,3,3,Автомобили грузовые с мощностью двигателя:,"свыше 150 л.с. до 200 л.с. (свыше 110,33 кВт до 147,1 кВт) включительно",s3--автомобили-грузовые-с-мощностью-двигателя--свыше-150-л-с-до-200-л-с-свыше-110-33-квт-до-147-1-квт-включительно,единиц,1333,2333,,,32
tn,2016,3,3,Автомобили грузовые с мощностью двигателя:,"свыше 200 л.с. до 250 л.с. (свыше 147,1 кВт до 183,9 кВт) включительно",s3--автомобили-грузовые-с-мощностью-двигателя--свыше-200-л-с-до-250-л-с-свыше-147-1-квт-до-183-9-квт-включительно,единиц,1334,2334,,,33
tn,2016,3,3,Автомобили грузовые с мощностью двигателя:,"свыше 250 л.с. (свыше 183,9 кВт)",s3--автомобили-грузовые-с-мощностью-двигателя--свыше-250-л-с-свыше-183-9-квт,единиц,1335,2335,,,34
tn,2016,3,2,,"Другие самоходные транспортные средства, машины и механизмы на пневматическом и гусеничном ходу",s3--другие-самоходные-транспортные-средства-машины-и-механизмы-на-пневматическом-и-гусеничном-ходу,единиц,1336,2336,,,35
tn,2016,3,2,,"Снегоходы, мотосани с мощностью двигателя:",s3--снегоходы-мотосани-с-мощностью-двигателя,единиц,1337,2337,,,36
tn,2016,3,3,"Снегоходы, мотосани с мощностью двигателя:","до 50 л.с. (до 36,77 кВт) включительно",s3--до-50-л-с-до-36-77-квт-включительно,единиц,1338,2338,,,37
tn,2016,3,3,"Снегоходы, мотосани с мощностью двигателя:","свыше 50 л.с. (свыше 36,77 кВт)",s3--свыше-50-л-с-свыше-36-77-квт,единиц,1339,2339,,,38
tn,2016,3,1,,из них зарегистрированных в подразделениях Госавтоинспекции МВД России,s3--из-них-зарегистрированных-в-подразделениях-госавтоинспекции-мвд-россии,единиц,1340,2340,,,39
tn,2016,3,1,,водных транспортных средств,s3--водных-транспортных-средств,единиц,1350,2350,,,40
tn,2016,3,2,,"Катера, моторные лодки и другие водные транспортные средства с мощностью двигателя:",s3--катера-моторные-лодки-и-другие-водные-транспортные-средства-с-мощностью-двигателя,единиц,1351,2351,,,41
tn,2016,3,3,"Катера, моторные лодки и другие водные транспортные средства с мощностью двигателя:","до 100 л.с. (до 73,55 кВт) включительно",s3--катера-моторные-лодки-и-другие-водные-транспортные-средства-с-мощностью-двигателя--до-100-л-с-до-73-55-квт-включительно,единиц,1352,2352,,,42
tn,2016,3,3,"Катера, моторные лодки и другие водные транспортные средства с мощностью двигателя:","свыше 100 л.с. (свыше 73,55 кВт)",s3--катера-моторные-лодки-и-другие-водные-транспортные-средства-с-мощностью-двигателя--свыше-100-л-с-свыше-73-55-квт,единиц,1353,2353,,,43
tn,2016,3,2,,Яхты и другие парусно - моторные суда с мощностью двигателя:,s3--яхты-и-другие-парусно-моторные-суда-с-мощностью-двигателя,единиц,1354,2354,,,44
tn,2016,3,3,Яхты и другие парусно - моторные суда с мощностью двигателя:,"до 100 л.с. (до 73,55 кВт) включительно",s3--яхты-и-другие-парусно-моторные-суда-с-мощностью-двигателя--до-100-л-с-до-73-55-квт-включительно,единиц,1355,2355,,,45
tn,2016,3,3,Яхты и другие парусно - моторные суда с мощностью двигателя:,"свыше 100 л.с. (свыше 73,55 кВт)",s3--яхты-и-другие-парусно-моторные-суда-с-мощностью-двигателя--свыше-100-л-с-свыше-73-55-квт,единиц,1356,2356,,,46
tn,2016,3,2,,Гидроциклы с мощностью двигателя:,s3--гидроциклы-с-мощностью-двигателя,единиц,1357,2357,,,47
tn,2016,3,3,Гидроциклы с мощностью двигателя:,"до 100 л.с. (до 73,55 кВт) включительно",s3--гидроциклы-с-мощностью-двигателя--до-100-л-с-до-73-55-квт-включительно,единиц,1358,2358,,,48
tn,2016,3,3,Гидроциклы с мощностью двигателя:,"свыше 100 л.с. (свыше 73,55 кВт)",s3--гидроциклы-с-мощностью-двигателя--свыше-100-л-с-свыше-73-55-квт,единиц,1359,2359,,,49
tn,2016,3,2,,"Несамоходные (буксируемые) суда, для которых определяется валовая вместимость (с каждой регистровой тонны валовой вместимости)",s3--несамоходные-буксируемые-суда-для-которых-определяется-валовая-вместимость-с-каждои-регистровои-тонны-валовои-вместимости,единиц,1360,2360,,,50
tn,2016,3,1,,воздушных транспортных средств,s3--воздушных-транспортных-средств,единиц,1370,2370,,,51
tn,2016,4,0,,"Сумма налога, подлежащая уплате в бюджет - всего, тыс. руб.., в том числе:",s4--сумма-налога-подлежащая-уплате-в-бюджет-всего-тыс-руб-в-том-числе,тыс. руб.,1400,2400,,,52
tn,2016,4,1,,по наземным транспортным средствам,s4--по-наземным-транспортным-средствам,тыс. руб.,1410,2410,,,53
tn,2016,4,2,,Автомобили легковые с мощностью двигателя:,s4--автомобили-легковые-с-мощностью-двигателя,тыс. руб.,1411,2411,,,54
tn,2016,4,3,Автомобили легковые с мощностью двигателя:,"до 100 л.с. (до 73,55 кВт) включительно",s4--автомобили-легковые-с-мощностью-двигателя--до-100-л-с-до-73-55-квт-включительно,тыс. руб.,1412,2412,,,55
tn,2016,4,3,Автомобили легковые с мощностью двигателя:,"свыше 100 л.с. до 150 л.с. (свыше 73,55 кВт до 110,33 кВт) включительно",s4--автомобили-легковые-с-мощностью-двигателя--свыше-100-л-с-до-150-л-с-свыше-73-55-квт-до-110-33-квт-включительно,тыс. руб.,1413,2413,,,56
tn,2016,4,3,Автомобили легковые с мощностью двигателя:,"свыше 150 л.с. до 200 л.с. (свыше 110,33 кВт до 147,1 кВт) включительно",s4--автомобили-легковые-с-мощностью-двигателя--свыше-150-л-с-до-200-л-с-свыше-110-33-квт-до-147-1-квт-включительно,тыс. руб.,1414,2414,,,57
tn,2016,4,3,Автомобили легковые с мощностью двигателя:,"свыше 200 л.с. до 250 л.с. (свыше 147,1 кВт до 183,9 кВт) включительно",s4--автомобили-легковые-с-мощностью-двигателя--свыше-200-л-с-до-250-л-с-свыше-147-1-квт-до-183-9-квт-включительно,тыс. руб.,1415,2415,,,58
tn,2016,4,3,Автомобили легковые с мощностью двигателя:,"свыше 250 л.с. (свыше 183,9 кВт)",s4--автомобили-легковые-с-мощностью-двигателя--свыше-250-л-с-свыше-183-9-квт,тыс. руб.,1416,2416,,,59
tn,2016,4,3,Автомобили легковые с мощностью двигателя:,"в том числе с учетом повышающего коэффициента, установленного в соответствии с п.2 статьи 362 НК РФ",s4--в-том-числе-с-учетом-повышающего-коэффициента-установленного-в-соответствии-с-п-2-статьи-362-нк-рф,тыс. руб.,1417,2417,,,60
tn,2016,4,3,Автомобили легковые с мощностью двигателя:,"коэффициент 1,1",s4--коэффициент-1-1,тыс. руб.,1418,2418,,,61
tn,2016,4,3,Автомобили легковые с мощностью двигателя:,"коэффициент 1,3",s4--коэффициент-1-3,тыс. руб.,1419,2419,,,62
tn,2016,4,1,,"коэффициент 1,5",s4--коэффициент-1-5,тыс. руб.,1420,2420,,,63
tn,2016,4,1,,коэффициент 2,s4--коэффициент-2,тыс. руб.,1421,2421,,,64
tn,2016,4,1,,коэффициент 3,s4--коэффициент-3,тыс. руб.,1422,2422,,,65
tn,2016,4,2,,Мотоциклы и мотороллеры с мощностью двигателя:,s4--мотоциклы-и-мотороллеры-с-мощностью-двигателя,тыс. руб.,1423,2423,,,66
tn,2016,4,3,Мотоциклы и мотороллеры с мощностью двигателя:,"до 20 л.с. (до 14,7 кВт) включительно",s4--до-20-л-с-до-14-7-квт-включительно,тыс. руб.,1424,2424,,,67
tn,2016,4,3,Мотоциклы и мотороллеры с мощностью двигателя:,"свыше 20 л.с. до 35 л.с. (свыше 14,7 кВт до 25,74 кВт) включительно",s4--свыше-20-л-с-до-35-л-с-свыше-14-7-квт-до-25-74-квт-включительно,тыс. руб.,1425,2425,,,68
tn,2016,4,3,Мотоциклы и мотороллеры с мощностью двигателя:,"свыше 35 л.с. (свыше 25,74 кВт)",s4--мотоциклы-и-мотороллеры-с-мощностью-двигателя--свыше-35-л-с-свыше-25-74-квт,тыс. руб.,1426,2426,,,69
tn,2016,4,2,,Автобусы с мощностью двигателя:,s4--автобусы-с-мощностью-двигателя,тыс. руб.,1427,2427,,,70
tn,2016,4,3,Автобусы с мощностью двигателя:,"до 200 л.с. (до 147,1 кВт) включительно",s4--до-200-л-с-до-147-1-квт-включительно,тыс. руб.,1428,2428,,,71
tn,2016,4,3,Автобусы с мощностью двигателя:,"свыше 200 л.с. (свыше 147,1 кВт)",s4--свыше-200-л-с-свыше-147-1-квт,тыс. руб.,1429,2429,,,72
tn,2016,4,2,,Автомобили грузовые с мощностью двигателя:,s4--автомобили-грузовые-с-мощностью-двигателя,тыс. руб.,1430,2430,,,73
tn,2016,4,3,Автомобили грузовые с мощностью двигателя:,"до 100 л.с. (до 73,55 кВт) включительно",s4--автомобили-грузовые-с-мощностью-двигателя--до-100-л-с-до-73-55-квт-включительно,тыс. руб.,1431,2431,,,74
tn,2016,4,3,Автомобили грузовые с мощностью двигателя:,"свыше 100 л.с. до 150 л.с. (свыше 73,55 кВт до 110,33 кВт) включительно",s4--автомобили-грузовые-с-мощностью-двигателя--свыше-100-л-с-до-150-л-с-свыше-73-55-квт-до-110-33-квт-включительно,тыс. руб.,1432,2432,,,75
tn,2016,4,3,Автомобили грузовые с мощностью двигателя:,"свыше 150 л.с. до 200 л.с. (свыше 110,33 кВт до 147,1 кВт) включительно",s4--автомобили-грузовые-с-мощностью-двигателя--свыше-150-л-с-до-200-л-с-свыше-110-33-квт-до-147-1-квт-включительно,тыс. руб.,1433,2433,,,76
tn,2016,4,3,Автомобили грузовые с мощностью двигателя:,"свыше 200 л.с. до 250 л.с. (свыше 147,1 кВт до 183,9 кВт) включительно",s4--автомобили-грузовые-с-мощностью-двигателя--свыше-200-л-с-до-250-л-с-свыше-147-1-квт-до-183-9-квт-включительно,тыс. руб.,1434,2434,,,77
tn,2016,4,3,Автомобили грузовые с мощностью двигателя:,"свыше 250 л.с. (свыше 183,9 кВт)",s4--автомобили-грузовые-с-мощностью-двигателя--свыше-250-л-с-свыше-183-9-квт,тыс. руб.,1435,2435,,,78
tn,2016,4,2,,"Другие самоходные транспортные средства, машины и механизмы на пневматическом и гусеничном ходу",s4--другие-самоходные-транспортные-средства-машины-и-механизмы-на-пневматическом-и-гусеничном-ходу,тыс. руб.,1436,2436,,,79
tn,2016,4,2,,"Снегоходы, мотосани с мощностью двигателя:",s4--снегоходы-мотосани-с-мощностью-двигателя,тыс. руб.,1437,2437,,,80
tn,2016,4,3,"Снегоходы, мотосани с мощностью двигателя:","до 50 л.с. (до 36,77 кВт) включительно",s4--до-50-л-с-до-36-77-квт-включительно,тыс. руб.,1438,2438,,,81
tn,2016,4,3,"Снегоходы, мотосани с мощностью двигателя:","свыше 50 л.с. (свыше 36,77 кВт)",s4--свыше-50-л-с-свыше-36-77-квт,тыс. руб.,1439,2439,,,82
tn,2016,4,1,,из них зарегистрированных в подразделениях Госавтоинспекции МВД России,s4--из-них-зарегистрированных-в-подразделениях-госавтоинспекции-мвд-россии,тыс. руб.,1440,2440,,,83
tn,2016,4,1,,по водным транспортным средствам,s4--по-водным-транспортным-средствам,тыс. руб.,1450,2450,,,84
tn,2016,4,2,,"Катера, моторные лодки и другие водные транспортные средства с мощностью двигателя:",s4--катера-моторные-лодки-и-другие-водные-транспортные-средства-с-мощностью-двигателя,тыс. руб.,1451,2451,,,85
tn,2016,4,3,"Катера, моторные лодки и другие водные транспортные средства с мощностью двигателя:","до 100 л.с. (до 73,55 кВт) включительно",s4--катера-моторные-лодки-и-другие-водные-транспортные-средства-с-мощностью-двигателя--до-100-л-с-до-73-55-квт-включительно,тыс. руб.,1452,2452,,,86
tn,2016,4,3,"Катера, моторные лодки и другие водные транспортные средства с мощностью двигателя:","свыше 100 л.с. (свыше 73,55 кВт)",s4--катера-моторные-лодки-и-другие-водные-транспортные-средства-с-мощностью-двигателя--свыше-100-л-с-свыше-73-55-квт,тыс. руб.,1453,2453,,,87
tn,2016,4,2,,Яхты и другие парусно - моторные суда с мощностью двигателя:,s4--яхты-и-другие-парусно-моторные-суда-с-мощностью-двигателя,тыс. руб.,1454,2454,,,88
tn,2016,4,3,Яхты и другие парусно - моторные суда с мощностью двигателя:,"до 100 л.с. (до 73,55 кВт) включительно",s4--яхты-и-другие-парусно-моторные-суда-с-мощностью-двигателя--до-100-л-с-до-73-55-квт-включительно,тыс. руб.,1455,2455,,,89
tn,2016,4,3,Яхты и другие парусно - моторные суда с мощностью двигателя:,"свыше 100 л.с. (свыше 73,55 кВт)",s4--яхты-и-другие-парусно-моторные-суда-с-мощностью-двигателя--свыше-100-л-с-свыше-73-55-квт,тыс. руб.,1456,2456,,,90
tn,2016,4,2,,Гидроциклы с мощностью двигателя:,s4--гидроциклы-с-мощностью-двигателя,тыс. руб.,1457,2457,,,91
tn,2016,4,3,Гидроциклы с мощностью двигателя:,"до 100 л.с. (до 73,55 кВт) включительно",s4--гидроциклы-с-мощностью-двигателя--до-100-л-с-до-73-55-квт-включительно,тыс. руб.,1458,2458,,,92
tn,2016,4,3,Гидроциклы с мощностью двигателя:,"свыше 100 л.с. (свыше 73,55 кВт)",s4--гидроциклы-с-мощностью-двигателя--свыше-100-л-с-свыше-73-55-квт,тыс. руб.,1459,2459,,,93
tn,2016,4,2,,"Несамоходные (буксируемые) суда, для которых определяется валовая вместимость (с каждой регистровой тонны валовой вместимости)",s4--несамоходные-буксируемые-суда-для-которых-определяется-валовая-вместимость-с-каждои-регистровои-тонны-валовои-вместимости,тыс. руб.,1460,2460,,,94
tn,2016,4,1,,по воздушным транспортным средствам,s4--по-воздушным-транспортным-средствам,тыс. руб.,1470,2470,,,95
tn,2016,5,0,,"Сумма налога, не поступившая в бюджет в связи с предоставлением налогоплательщикам налоговых льгот, в том числе:",s5--сумма-налога-не-поступившая-в-бюджет-в-связи-с-предоставлением-налогоплательщикам-налоговых-льгот-в-том-числе,тыс. руб.,1500,2500,,,96
tn,2017,1,0,,"Количество налогоплательщиков, которым(и) начислен налог к уплате в бюджет, единиц",s1--количество-налогоплательщиков-которым-и-начислен-налог-к-уплате-в-бюджет-единиц,единиц,1100,2100,,,1
tn,2017,1,1,,которым исчислен налог и не предоставлены налоговые льготы,s1--которым-исчислен-налог-и-не-предоставлены-налоговые-льготы,единиц,1110,2110,,,2
tn,2017,1,1,,которым предоставлены налоговые льготы,s1--которым-предоставлены-налоговые-льготы,единиц,1120,2120,,,3
tn,2017,2,0,,"Количество транспортных средств в базе данных налогового органа - всего, единиц, в том числе:",s2--количество-транспортных-средств-в-базе-данных-налогового-органа-всего-единиц-в-том-числе,единиц,1200,2200,,,4
tn,2017,2,1,,наземных транспортных средств,s2--наземных-транспортных-средств,единиц,1210,2210,,,5
tn,2017,2,1,,водных транспортных средств,s2--водных-транспортных-средств,единиц,1220,2220,,,6
tn,2017,2,1,,воздушных транспортных средств,s2--воздушных-транспортных-средств,единиц,1230,2230,,,7
tn,2017,3,0,,"Количество транспортных средств, по которым начислен налог к уплате в бюджет - всего, единиц, в том числе:",s3--количество-транспортных-средств-по-которым-начислен-налог-к-уплате-в-бюджет-всего-единиц-в-том-числе,единиц,1300,2300,,,8
tn,2017,3,1,,наземных транспортных средств,s3--наземных-транспортных-средств,единиц,1310,2310,,,9
tn,2017,3,2,,Автомобили легковые с мощностью двигателя:,s3--автомобили-легковые-с-мощностью-двигателя,единиц,1311,2311,,,10
tn,2017,3,3,Автомобили легковые с мощностью двигателя:,"до 100 л.с. (до 73,55 кВт) включительно",s3--автомобили-легковые-с-мощностью-двигателя--до-100-л-с-до-73-55-квт-включительно,единиц,1312,2312,,,11
tn,2017,3,3,Автомобили легковые с мощностью двигателя:,"свыше 100 л.с. до 150 л.с. (свыше 73,55 кВт до 110,33 кВт) включительно",s3--автомобили-легковые-с-мощностью-двигателя--свыше-100-л-с-до-150-л-с-свыше-73-55-квт-до-110-33-квт-включительно,единиц,1313,2313,,,12
tn,2017,3,3,Автомобили легковые с мощностью двигателя:,"свыше 150 л.с. до 200 л.с. (свыше 110,33 кВт до 147,1 кВт) включительно",s3--автомобили-легковые-с-мощностью-двигателя--свыше-150-л-с-до-200-л-с-свыше-110-33-квт-до-147-1-квт-включительно,единиц,1314,2314,,,13
tn,2017,3,3,Автомобили легковые с мощностью двигателя:,"свыше 200 л.с. до 250 л.с. (свыше 147,1 кВт до 183,9 кВт) включительно",s3--автомобили-легковые-с-мощностью-двигателя--свыше-200-л-с-до-250-л-с-свыше-147-1-квт-до-183-9-квт-включительно,единиц,1315,2315,,,14
tn,2017,3,3,Автомобили легковые с мощностью двигателя:,"свыше 250 л.с. (свыше 183,9 кВт)",s3--автомобили-легковые-с-мощностью-двигателя--свыше-250-л-с-свыше-183-9-квт,единиц,1316,2316,,,15
tn,2017,3,3,Автомобили легковые с мощностью двигателя:,"в том числе с учетом повышающего коэффициента, установленного в соответствии с п.2 статьи 362 НК РФ",s3--в-том-числе-с-учетом-повышающего-коэффициента-установленного-в-соответствии-с-п-2-статьи-362-нк-рф,единиц,1317,2317,,,16
tn,2017,3,3,Автомобили легковые с мощностью двигателя:,"коэффициент 1,1",s3--коэффициент-1-1,единиц,1318,2318,,,17
tn,2017,3,3,Автомобили легковые с мощностью двигателя:,"коэффициент 1,3",s3--коэффициент-1-3,единиц,1319,2319,,,18
tn,2017,3,1,,"коэффициент 1,5",s3--коэффициент-1-5,единиц,1320,2320,,,19
tn,2017,3,1,,коэффициент 2,s3--коэффициент-2,единиц,1321,2321,,,20
tn,2017,3,1,,коэффициент 3,s3--коэффициент-3,единиц,1322,2322,,,21
tn,2017,3,2,,Мотоциклы и мотороллеры с мощностью двигателя:,s3--мотоциклы-и-мотороллеры-с-мощностью-двигателя,единиц,1323,2323,,,22
tn,2017,3,3,Мотоциклы и мотороллеры с мощностью двигателя:,"до 20 л.с. (до 14,7 кВт) включительно",s3--до-20-л-с-до-14-7-квт-включительно,единиц,1324,2324,,,23
tn,2017,3,3,Мотоциклы и мотороллеры с мощностью двигателя:,"свыше 20 л.с. до 35 л.с. (свыше 14,7 кВт до 25,74 кВт) включительно",s3--свыше-20-л-с-до-35-л-с-свыше-14-7-квт-до-25-74-квт-включительно,единиц,1325,2325,,,24
tn,2017,3,3,Мотоциклы и мотороллеры с мощностью двигателя:,"свыше 35 л.с. (свыше 25,74 кВт)",s3--мотоциклы-и-мотороллеры-с-мощностью-двигателя--свыше-35-л-с-свыше-25-74-квт,единиц,1326,2326,,,25
tn,2017,3,2,,Автобусы с мощностью двигателя:,s3--автобусы-с-мощностью-двигателя,единиц,1327,2327,,,26
tn,2017,3,3,Автобусы с мощностью двигателя:,"до 200 л.с. (до 147,1 кВт) включительно",s3--до-200-л-с-до-147-1-квт-включительно,единиц,1328,2328,,,27
tn,2017,3,3,Автобусы с мощностью двигателя:,"свыше 200 л.с. (свыше 147,1 кВт)",s3--свыше-200-л-с-свыше-147-1-квт,единиц,1329,2329,,,28
tn,2017,3,2,,Автомобили грузовые с мощностью двигателя:,s3--автомобили-грузовые-с-мощностью-двигателя,единиц,1330,2330,,,29
tn,2017,3,3,Автомобили грузовые с мощностью двигателя:,"до 100 л.с. (до 73,55 кВт) включительно",s3--автомобили-грузовые-с-мощностью-двигателя--до-100-л-с-до-73-55-квт-включительно,единиц,1331,2331,,,30
tn,2017,3,3,Автомобили грузовые с мощностью двигателя:,"свыше 100 л.с. до 150 л.с. (свыше 73,55 кВт до 110,33 кВт) включительно",s3--автомобили-грузовые-с-мощностью-двигателя--свыше-100-л-с-до-150-л-с-свыше-73-55-квт-до-110-33-квт-включительно,единиц,1332,2332,,,31
tn,2017,3,3,Автомобили грузовые с мощностью двигателя:,"свыше 150 л.с. до 200 л.с. (свыше 110,33 кВт до 147,1 кВт) включительно",s3--автомобили-грузовые-с-мощностью-двигателя--свыше-150-л-с-до-200-л-с-свыше-110-33-квт-до-147-1-квт-включительно,единиц,1333,2333,,,32
tn,2017,3,3,Автомобили грузовые с мощностью двигателя:,"свыше 200 л.с. до 250 л.с. (свыше 147,1 кВт до 183,9 кВт) включительно",s3--автомобили-грузовые-с-мощностью-двигателя--свыше-200-л-с-до-250-л-с-свыше-147-1-квт-до-183-9-квт-включительно,единиц,1334,2334,,,33
tn,2017,3,3,Автомобили грузовые с мощностью двигателя:,"свыше 250 л.с. (свыше 183,9 кВт)",s3--автомобили-грузовые-с-мощностью-двигателя--свыше-250-л-с-свыше-183-9-квт,единиц,1335,2335,,,34
tn,2017,3,2,,"Другие самоходные транспортные средства, машины и механизмы на пневматическом и гусеничном ходу",s3--другие-самоходные-транспортные-средства-машины-и-механизмы-на-пневматическом-и-гусеничном-ходу,единиц,1336,2336,,,35
tn,2017,3,2,,"Снегоходы, мотосани с мощностью двигателя:",s3--снегоходы-мотосани-с-мощностью-двигателя,единиц,1337,2337,,,36
tn,2017,3,3,"Снегоходы, мотосани с мощностью двигателя:","до 50 л.с. (до 36,77 кВт) включительно",s3--до-50-л-с-до-36-77-квт-включительно,единиц,1338,2338,,,37
tn,2017,3,3,"Снегоходы, мотосани с мощностью двигателя:","свыше 50 л.с. (свыше 36,77 кВт)",s3--свыше-50-л-с-свыше-36-77-квт,единиц,1339,2339,,,38
tn,2017,3,1,,из них зарегистрированных в подразделениях Госавтоинспекции МВД России,s3--из-них-зарегистрированных-в-подразделениях-госавтоинспекции-мвд-россии,единиц,1340,2340,,,39
tn,2017,3,1,,водных транспортных средств,s3--водных-транспортных-средств,единиц,1350,2350,,,40
tn,2017,3,2,,"Катера, моторные лодки и другие водные транспортные средства с мощностью двигателя:",s3--катера-моторные-лодки-и-другие-водные-транспортные-средства-с-мощностью-двигателя,единиц,1351,2351,,,41
tn,2017,3,3,"Катера, моторные лодки и другие водные транспортные средства с мощностью двигателя:","до 100 л.с. (до 73,55 кВт) включительно",s3--катера-моторные-лодки-и-другие-водные-транспортные-средства-с-мощностью-двигателя--до-100-л-с-до-73-55-квт-включительно,единиц,1352,2352,,,42
tn,2017,3,3,"Катера, моторные лодки и другие водные транспортные средства с мощностью двигателя:","свыше 100 л.с. (свыше 73,55 кВт)",s3--катера-моторные-лодки-и-другие-водные-транспортные-средства-с-мощностью-двигателя--свыше-100-л-с-свыше-73-55-квт,единиц,1353,2353,,,43
tn,2017,3,2,,Яхты и другие парусно - моторные суда с мощностью двигателя:,s3--яхты-и-другие-парусно-моторные-суда-с-мощностью-двигателя,единиц,1354,2354,,,44
tn,2017,3,3,Яхты и другие парусно - моторные суда с мощностью двигателя:,"до 100 л.с. (до 73,55 кВт) включительно",s3--яхты-и-другие-парусно-моторные-суда-с-мощностью-двигателя--до-100-л-с-до-73-55-квт-включительно,единиц,1355,2355,,,45
tn,2017,3,3,Яхты и другие парусно - моторные суда с мощностью двигателя:,"свыше 100 л.с. (свыше 73,55 кВт)",s3--яхты-и-другие-парусно-моторные-суда-с-мощностью-двигателя--свыше-100-л-с-свыше-73-55-квт,единиц,1356,2356,,,46
tn,2017,3,2,,Гидроциклы с мощностью двигателя:,s3--гидроциклы-с-мощностью-двигателя,единиц,1357,2357,,,47
tn,2017,3,3,Гидроциклы с мощностью двигателя:,"до 100 л.с. (до 73,55 кВт) включительно",s3--гидроциклы-с-мощностью-двигателя--до-100-л-с-до-73-55-квт-включительно,единиц,1358,2358,,,48
tn,2017,3,3,Гидроциклы с мощностью двигателя:,"свыше 100 л.с. (свыше 73,55 кВт)",s3--гидроциклы-с-мощностью-двигателя--свыше-100-л-с-свыше-73-55-квт,единиц,1359,2359,,,49
tn,2017,3,2,,"Несамоходные (буксируемые) суда, для которых определяется валовая вместимость (с каждой регистровой тонны валовой вместимости)",s3--несамоходные-буксируемые-суда-для-которых-определяется-валовая-вместимость-с-каждои-регистровои-тонны-валовои-вместимости,единиц,1360,2360,,,50
tn,2017,3,1,,воздушных транспортных средств,s3--воздушных-транспортных-средств,единиц,1370,2370,,,51
tn,2017,4,0,,"Сумма налога, подлежащая уплате в бюджет - всего, тыс. руб.., в том числе:",s4--сумма-налога-подлежащая-уплате-в-бюджет-всего-тыс-руб-в-том-числе,тыс. руб.,1400,2400,,,52
tn,2017,4,1,,по наземным транспортным средствам,s4--по-наземным-транспортным-средствам,тыс. руб.,1410,2410,,,53
tn,2017,4,2,,Автомобили легковые с мощностью двигателя:,s4--автомобили-легковые-с-мощностью-двигателя,тыс. руб.,1411,2411,,,54
tn,2017,4,3,Автомобили легковые с мощностью двигателя:,"до 100 л.с. (до 73,55 кВт) включительно",s4--автомобили-легковые-с-мощностью-двигателя--до-100-л-с-до-73-55-квт-включительно,тыс. руб.,1412,2412,,,55
tn,2017,4,3,Автомобили легковые с мощностью двигателя:,"свыше 100 л.с. до 150 л.с. (свыше 73,55 кВт до 110,33 кВт) включительно",s4--автомобили-легковые-с-мощностью-двигателя--свыше-100-л-с-до-150-л-с-свыше-73-55-квт-до-110-33-квт-включительно,тыс. руб.,1413,2413,,,56
tn,2017,4,3,Автомобили легковые с мощностью двигателя:,"свыше 150 л.с. до 200 л.с. (свыше 110,33 кВт до 147,1 кВт) включительно",s4--автомобили-легковые-с-мощностью-двигателя--свыше-150-л-с-до-200-л-с-свыше-110-33-квт-до-147-1-квт-включительно,тыс. руб.,1414,2414,,,57
tn,2017,4,3,Автомобили легковые с мощностью двигателя:,"свыше 200 л.с. до 250 л.с. (свыше 147,1 кВт до 183,9 кВт) включительно",s4--автомобили-легковые-с-мощностью-двигателя--свыше-200-л-с-до-250-л-с-свыше-147-1-квт-до-183-9-квт-включительно,тыс. руб.,1415,2415,,,58
tn,2017,4,3,Автомобили легковые с мощностью двигателя:,"свыше 250 л.с. (свыше 183,9 кВт)",s4--автомобили-легковые-с-мощностью-двигателя--свыше-250-л-с-свыше-183-9-квт,тыс. руб.,1416,2416,,,59
tn,2017,4,3,Автомобили легковые с мощностью двигателя:,"в том числе с учетом повышающего коэффициента, установленного в соответствии с п.2 статьи 362 НК РФ",s4--в-том-числе-с-учетом-повышающего-коэффициента-установленного-в-соответствии-с-п-2-статьи-362-нк-рф,тыс. руб.,1417,2417,,,60
tn,2017,4,3,Автомобили легковые с мощностью двигателя:,"коэффициент 1,1",s4--коэффициент-1-1,тыс. руб.,1418,2418,,,61
tn,2017,4,3,Автомобили легковые с мощностью двигателя:,"коэффициент 1,3",s4--коэффициент-1-3,тыс. руб.,1419,2419,,,62
tn,2017,4,1,,"коэффициент 1,5",s4--коэффициент-1-5,тыс. руб.,1420,2420,,,63
tn,2017,4,1,,коэффициент 2,s4--коэффициент-2,тыс. руб.,1421,2421,,,64
tn,2017,4,1,,коэффициент 3,s4--коэффициент-3,тыс. руб.,1422,2422,,,65
tn,2017,4,2,,Мотоциклы и мотороллеры с мощностью двигателя:,s4--мотоциклы-и-мотороллеры-с-мощностью-двигателя,тыс. руб.,1423,2423,,,66
tn,2017,4,3,Мотоциклы и мотороллеры с мощностью двигателя:,"до 20 л.с. (до 14,7 кВт) включительно",s4--до-20-л-с-до-14-7-квт-включительно,тыс. руб.,1424,2424,,,67
tn,2017,4,3,Мотоциклы и мотороллеры с мощностью двигателя:,"свыше 20 л.с. до 35 л.с. (свыше 14,7 кВт до 25,74 кВт) включительно",s4--свыше-20-л-с-до-35-л-с-свыше-14-7-квт-до-25-74-квт-включительно,тыс. руб.,1425,2425,,,68
tn,2017,4,3,Мотоциклы и мотороллеры с мощностью двигателя:,"свыше 35 л.с. (свыше 25,74 кВт)",s4--мотоциклы-и-мотороллеры-с-мощностью-двигателя--свыше-35-л-с-свыше-25-74-квт,тыс. руб.,1426,2426,,,69
tn,2017,4,2,,Автобусы с мощностью двигателя:,s4--автобусы-с-мощностью-двигателя,тыс. руб.,1427,2427,,,70
tn,2017,4,3,Автобусы с мощностью двигателя:,"до 200 л.с. (до 147,1 кВт) включительно",s4--до-200-л-с-до-147-1-квт-включительно,тыс. руб.,1428,2428,,,71
tn,2017,4,3,Автобусы с мощностью двигателя:,"свыше 200 л.с. (свыше 147,1 кВт)",s4--свыше-200-л-с-свыше-147-1-квт,тыс. руб.,1429,2429,,,72
tn,2017,4,2,,Автомобили грузовые с мощностью двигателя:,s4--автомобили-грузовые-с-мощностью-двигателя,тыс. руб.,1430,2430,,,73
tn,2017,4,3,Автомобили грузовые с мощностью двигателя:,"до 100 л.с. (до 73,55 кВт) включительно",s4--автомобили-грузовые-с-мощностью-двигателя--до-100-л-с-до-73-55-квт-включительно,тыс. руб.,1431,2431,,,74
tn,2017,4,3,Автомобили грузовые с мощностью двигателя:,"свыше 100 л.с. до 150 л.с. (свыше 73,55 кВт до 110,33 кВт) включительно",s4--автомобили-грузовые-с-мощностью-двигателя--свыше-100-л-с-до-150-л-с-свыше-73-55-квт-до-110-33-квт-включительно,тыс. руб.,1432,2432,,,75
tn,2017,4,3,Автомобили грузовые с мощностью двигателя:,"свыше 150 л.с. до 200 л.с. (свыше 110,33 кВт до 147,1 кВт) включительно",s4--автомобили-грузовые-с-мощностью-двигателя--свыше-150-л-с-до-200-л-с-свыше-110-33-квт-до-147-1-квт-включительно,тыс. руб.,1433,2433,,,76
tn,2017,4,3,Автомобили грузовые с мощностью двигателя:,"свыше 200 л.с. до 250 л.с. (свыше 147,1 кВт до 183,9 кВт) включительно",s4--автомобили-грузовые-с-мощностью-двигателя--свыше-200-л-с-до-250-л-с-свыше-147-1-квт-до-183-9-квт-включительно,тыс. руб.,1434,2434,,,77
tn,2017,4,3,Автомобили грузовые с мощностью двигателя:,"свыше 250 л.с. (свыше 183,9 кВт)",s4--автомобили-грузовые-с-мощностью-двигателя--свыше-250-л-с-свыше-183-9-квт,тыс. руб.,1435,2435,,,78
tn,2017,4,2,,"Другие самоходные транспортные средства, машины и механизмы на пневматическом и гусеничном ходу",s4--другие-самоходные-транспортные-средства-машины-и-механизмы-на-пневматическом-и-гусеничном-ходу,тыс. руб.,1436,2436,,,79
tn,2017,4,2,,"Снегоходы, мотосани с мощностью двигателя:",s4--снегоходы-мотосани-с-мощностью-двигателя,тыс. руб.,1437,2437,,,80
tn,2017,4,3,"Снегоходы, мотосани с мощностью двигателя:","до 50 л.с. (до 36,77 кВт) включительно",s4--до-50-л-с-до-36-77-квт-включительно,тыс. руб.,1438,2438,,,81
tn,2017,4,3,"Снегоходы, мотосани с мощностью двигателя:","свыше 50 л.с. (свыше 36,77 кВт)",s4--свыше-50-л-с-свыше-36-77-квт,тыс. руб.,1439,2439,,,82
tn,2017,4,1,,из них зарегистрированных в подразделениях Госавтоинспекции МВД России,s4--из-них-зарегистрированных-в-подразделениях-госавтоинспекции-мвд-россии,тыс. руб.,1440,2440,,,83
tn,2017,4,1,,по водным транспортным средствам,s4--по-водным-транспортным-средствам,тыс. руб.,1450,2450,,,84
tn,2017,4,2,,"Катера, моторные лодки и другие водные транспортные средства с мощностью двигателя:",s4--катера-моторные-лодки-и-другие-водные-транспортные-средства-с-мощностью-двигателя,тыс. руб.,1451,2451,,,85
tn,2017,4,3,"Катера, моторные лодки и другие водные транспортные средства с мощностью двигателя:","до 100 л.с. (до 73,55 кВт) включительно",s4--катера-моторные-лодки-и-другие-водные-транспортные-средства-с-мощностью-двигателя--до-100-л-с-до-73-55-квт-включительно,тыс. руб.,1452,2452,,,86
tn,2017,4,3,"Катера, моторные лодки и другие водные транспортные средства с мощностью двигателя:","свыше 100 л.с. (свыше 73,55 кВт)",s4--катера-моторные-лодки-и-другие-водные-транспортные-средства-с-мощностью-двигателя--свыше-100-л-с-свыше-73-55-квт,тыс. руб.,1453,2453,,,87
tn,2017,4,2,,Яхты и другие парусно - моторные суда с мощностью двигателя:,s4--яхты-и-другие-парусно-моторные-суда-с-мощностью-двигателя,тыс. руб.,1454,2454,,,88
tn,2017,4,3,Яхты и другие парусно - моторные суда с мощностью двигателя:,"до 100 л.с. (до 73,55 кВт) включительно",s4--яхты-и-другие-парусно-моторные-суда-с-мощностью-двигателя--до-100-л-с-до-73-55-квт-включительно,тыс. руб.,1455,2455,,,89
tn,2017,4,3,Яхты и другие парусно - моторные суда с мощностью двигателя:,"свыше 100 л.с. (свыше 73,55 кВт)",s4--яхты-и-другие-парусно-моторные-суда-с-мощностью-двигателя--свыше-100-л-с-свыше-73-55-квт,тыс. руб.,1456,2456,,,90
tn,2017,4,2,,Гидроциклы с мощностью двигателя:,s4--гидроциклы-с-мощностью-двигателя,тыс. руб.,1457,2457,,,91
tn,2017,4,3,Гидроциклы с мощностью двигателя:,"до 100 л.с. (до 73,55 кВт) включительно",s4--гидроциклы-с-мощностью-двигателя--до-100-л-с-до-73-55-квт-включительно,тыс. руб.,1458,2458,,,92
tn,2017,4,3,Гидроциклы с мощностью двигателя:,"свыше 100 л.с. (свыше 73,55 кВт)",s4--гидроциклы-с-мощностью-двигателя--свыше-100-л-с-свыше-73-55-квт,тыс. руб.,1459,2459,,,93
tn,2017,4,2,,"Несамоходные (буксируемые) суда, для которых определяется валовая вместимость (с каждой регистровой тонны валовой вместимости)",s4--несамоходные-буксируемые-суда-для-которых-определяется-валовая-вместимость-с-каждои-регистровои-тонны-валовои-вместимости,тыс. руб.,1460,2460,,,94
tn,2017,4,1,,по воздушным транспортным средствам,s4--по-воздушным-транспортным-средствам,тыс. руб.,1470,2470,,,95
tn,2017,5,0,,"Сумма налога, не поступившая в бюджет в связи с предоставлением налогоплательщикам налоговых льгот, в том числе:",s5--сумма-налога-не-поступившая-в-бюджет-в-связи-с-предоставлением-налогоплательщикам-налоговых-льгот-в-том-числе,тыс. руб.,1500,2500,,,96
tn,2018,1,0,,"Количество налогоплательщиков, которым(и) начислен налог к уплате в бюджет, единиц",s1--количество-налогоплательщиков-которым-и-начислен-налог-к-уплате-в-бюджет-единиц,единиц,1100,2100,,,1
tn,2018,1,1,,которым исчислен налог и не предоставлены налоговые льготы,s1--которым-исчислен-налог-и-не-предоставлены-налоговые-льготы,единиц,1110,2110,,,2
tn,2018,1,1,,которым предоставлены налоговые льготы,s1--которым-предоставлены-налоговые-льготы,единиц,1120,2120,,,3
tn,2018,2,0,,"Количество транспортных средств в базе данных налогового органа - всего, единиц, в том числе:",s2--количество-транспортных-средств-в-базе-данных-налогового-органа-всего-единиц-в-том-числе,единиц,1200,2200,,,4
tn,2018,2,1,,наземных транспортных средств,s2--наземных-транспортных-средств,единиц,1210,2210,,,5
tn,2018,2,1,,водных транспортных средств,s2--водных-транспортных-средств,единиц,1220,2220,,,6
tn,2018,2,1,,воздушных транспортных средств,s2--воздушных-транспортных-средств,единиц,1230,2230,,,7
tn,2018,3,0,,"Количество транспортных средств, по которым начислен налог к уплате в бюджет - всего, единиц, в том числе:",s3--количество-транспортных-средств-по-которым-начислен-налог-к-уплате-в-бюджет-всего-единиц-в-том-числе,единиц,1300,2300,,,8
tn,2018,3,1,,наземных транспортных средств,s3--наземных-транспортных-средств,единиц,1310,2310,,,9
tn,2018,3,2,,Автомобили легковые с мощностью двигателя:,s3--автомобили-легковые-с-мощностью-двигателя,единиц,1311,2311,,,10
tn,2018,3,3,Автомобили легковые с мощностью двигателя:,"до 100 л.с. (до 73,55 кВт) включительно",s3--автомобили-легковые-с-мощностью-двигателя--до-100-л-с-до-73-55-квт-включительно,единиц,1312,2312,,,11
tn,2018,3,3,Автомобили легковые с мощностью двигателя:,"свыше 100 л.с. до 150 л.с. (свыше 73,55 кВт до 110,33 кВт) включительно",s3--автомобили-легковые-с-мощностью-двигателя--свыше-100-л-с-до-150-л-с-свыше-73-55-квт-до-110-33-квт-включительно,единиц,1313,2313,,,12
tn,2018,3,3,Автомобили легковые с мощностью двигателя:,"свыше 150 л.с. до 200 л.с. (свыше 110,33 кВт до 147,1 кВт) включительно",s3--автомобили-легковые-с-мощностью-двигателя--свыше-150-л-с-до-200-л-с-свыше-110-33-квт-до-147-1-квт-включительно,единиц,1314,2314,,,13
tn,2018,3,3,Автомобили легковые с мощностью двигателя:,"свыше 200 л.с. до 250 л.с. (свыше 147,1 кВт до 183,9 кВт) включительно",s3--автомобили-легковые-с-мощностью-двигателя--свыше-200-л-с-до-250-л-с-свыше-147-1-квт-до-183-9-квт-включительно,единиц,1315,2315,,,14
tn,2018,3,3,Автомобили легковые с мощностью двигателя:,"свыше 250 л.с. (свыше 183,9 кВт)",s3--автомобили-легковые-с-мощностью-двигателя--свыше-250-л-с-свыше-183-9-квт,единиц,1316,2316,,,15
tn,2018,3,3,Автомобили легковые с мощностью двигателя:,"в том числе с учетом повышающего коэффициента, установленного в соответствии с п.2 статьи 362 НК РФ",s3--в-том-числе-с-учетом-повышающего-коэффициента-установленного-в-соответствии-с-п-2-статьи-362-нк-рф,единиц,1317,2317,,,16
tn,2018,3,3,Автомобили легковые с мощностью двигателя:,"коэффициент 1,1",s3--коэффициент-1-1,единиц,1318,2318,,,17
tn,2018,3,3,Автомобили легковые с мощностью двигателя:,коэффициент 2,s3--автомобили-легковые-с-мощностью-двигателя--коэффициент-2,единиц,1319,2319,,,18
tn,2018,3,1,,коэффициент 3,s3--коэффициент-3,единиц,1320,2320,,,19
tn,2018,3,2,,Мотоциклы и мотороллеры с мощностью двигателя:,s3--мотоциклы-и-мотороллеры-с-мощностью-двигателя,единиц,1321,2321,,,20
tn,2018,3,3,Мотоциклы и мотороллеры с мощностью двигателя:,"до 20 л.с. (до 14,7 кВт) включительно",s3--до-20-л-с-до-14-7-квт-включительно,единиц,1322,2322,,,21
tn,2018,3,3,Мотоциклы и мотороллеры с мощностью двигателя:,"свыше 20 л.с. до 35 л.с. (свыше 14,7 кВт до 25,74 кВт) включительно",s3--свыше-20-л-с-до-35-л-с-свыше-14-7-квт-до-25-74-квт-включительно,единиц,1323,2323,,,22
tn,2018,3,3,Мотоциклы и мотороллеры с мощностью двигателя:,"свыше 35 л.с. (свыше 25,74 кВт)",s3--мотоциклы-и-мотороллеры-с-мощностью-двигателя--свыше-35-л-с-свыше-25-74-квт,единиц,1324,2324,,,23
tn,2018,3,2,,Автобусы с мощностью двигателя:,s3--автобусы-с-мощностью-двигателя,единиц,1325,2325,,,24
tn,2018,3,3,Автобусы с мощностью двигателя:,"до 200 л.с. (до 147,1 кВт) включительно",s3--до-200-л-с-до-147-1-квт-включительно,единиц,1326,2326,,,25
tn,2018,3,3,Автобусы с мощностью двигателя:,"свыше 200 л.с. (свыше 147,1 кВт)",s3--свыше-200-л-с-свыше-147-1-квт,единиц,1327,2327,,,26
tn,2018,3,2,,Автомобили грузовые с мощностью двигателя:,s3--автомобили-грузовые-с-мощностью-двигателя,единиц,1328,2328,,,27
tn,2018,3,3,Автомобили грузовые с мощностью двигателя:,"до 100 л.с. (до 73,55 кВт) включительно",s3--автомобили-грузовые-с-мощностью-двигателя--до-100-л-с-до-73-55-квт-включительно,единиц,1329,2329,,,28
tn,2018,3,1,,"свыше 100 л.с. до 150 л.с. (свыше 73,55 кВт до 110,33 кВт) включительно",s3--свыше-100-л-с-до-150-л-с-свыше-73-55-квт-до-110-33-квт-включительно,единиц,1330,2330,,,29
tn,2018,3,1,,"свыше 150 л.с. до 200 л.с. (свыше 110,33 кВт до 147,1 кВт) включительно",s3--свыше-150-л-с-до-200-л-с-свыше-110-33-квт-до-147-1-квт-включительно,единиц,1331,2331,,,30
tn,2018,3,1,,"свыше 200 л.с. до 250 л.с. (свыше 147,1 кВт до 183,9 кВт) включительно",s3--свыше-200-л-с-до-250-л-с-свыше-147-1-квт-до-183-9-квт-включительно,единиц,1332,2332,,,31
tn,2018,3,1,,"свыше 250 л.с. (свыше 183,9 кВт)",s3--свыше-250-л-с-свыше-183-9-квт,единиц,1333,2333,,,32
tn,2018,3,2,,"Другие самоходные транспортные средства, машины и механизмы на пневматическом и гусеничном ходу",s3--другие-самоходные-транспортные-средства-машины-и-механизмы-на-пневматическом-и-гусеничном-ходу,единиц,1334,2334,,,33
tn,2018,3,2,,"Снегоходы, мотосани с мощностью двигателя:",s3--снегоходы-мотосани-с-мощностью-двигателя,единиц,1335,2335,,,34
tn,2018,3,3,"Снегоходы, мотосани с мощностью двигателя:","до 50 л.с. (до 36,77 кВт) включительно",s3--до-50-л-с-до-36-77-квт-включительно,единиц,1336,2336,,,35
tn,2018,3,3,"Снегоходы, мотосани с мощностью двигателя:","свыше 50 л.с. (свыше 36,77 кВт)",s3--свыше-50-л-с-свыше-36-77-квт,единиц,1337,2337,,,36
tn,2018,3,3,"Снегоходы, мотосани с мощностью двигателя:",из них зарегистрированных в подразделениях Госавтоинспекции МВД России,s3--снегоходы-мотосани-с-мощностью-двигателя--из-них-зарегистрированных-в-подразделениях-госавтоинспекции-мвд-россии,единиц,1338,2338,,,37
tn,2018,3,1,,водных транспортных средств,s3--водных-транспортных-средств,единиц,1350,2340,,,38
tn,2018,3,2,,"Катера, моторные лодки и другие водные транспортные средства с мощностью двигателя:",s3--катера-моторные-лодки-и-другие-водные-транспортные-средства-с-мощностью-двигателя,единиц,1351,2341,,,39
tn,2018,3,3,"Катера, моторные лодки и другие водные транспортные средства с мощностью двигателя:","до 100 л.с. (до 73,55 кВт) включительно",s3--катера-моторные-лодки-и-другие-водные-транспортные-средства-с-мощностью-двигателя--до-100-л-с-до-73-55-квт-включительно,единиц,1352,2342,,,40
tn,2018,3,3,"Катера, моторные лодки и другие водные транспортные средства с мощностью двигателя:","свыше 100 л.с. (свыше 73,55 кВт)",s3--катера-моторные-лодки-и-другие-водные-транспортные-средства-с-мощностью-двигателя--свыше-100-л-с-свыше-73-55-квт,единиц,1353,2343,,,41
tn,2018,3,2,,Яхты и другие парусно - моторные суда с мощностью двигателя:,s3--яхты-и-другие-парусно-моторные-суда-с-мощностью-двигателя,единиц,1354,2344,,,42
tn,2018,3,3,Яхты и другие парусно - моторные суда с мощностью двигателя:,"до 100 л.с. (до 73,55 кВт) включительно",s3--яхты-и-другие-парусно-моторные-суда-с-мощностью-двигателя--до-100-л-с-до-73-55-квт-включительно,единиц,1355,2345,,,43
tn,2018,3,3,Яхты и другие парусно - моторные суда с мощностью двигателя:,"свыше 100 л.с. (свыше 73,55 кВт)",s3--яхты-и-другие-парусно-моторные-суда-с-мощностью-двигателя--свыше-100-л-с-свыше-73-55-квт,единиц,1356,2346,,,44
tn,2018,3,2,,Гидроциклы с мощностью двигателя:,s3--гидроциклы-с-мощностью-двигателя,единиц,1357,2347,,,45
tn,2018,3,3,Гидроциклы с мощностью двигателя:,"до 100 л.с. (до 73,55 кВт) включительно",s3--гидроциклы-с-мощностью-двигателя--до-100-л-с-до-73-55-квт-включительно,единиц,1358,2348,,,46
tn,2018,3,3,Гидроциклы с мощностью двигателя:,"свыше 100 л.с. (свыше 73,55 кВт)",s3--гидроциклы-с-мощностью-двигателя--свыше-100-л-с-свыше-73-55-квт,единиц,1359,2349,,,47
tn,2018,3,2,,"Несамоходные (буксируемые) суда, для которых определяется валовая вместимость (с каждой регистровой тонны валовой вместимости)",s3--несамоходные-буксируемые-суда-для-которых-определяется-валовая-вместимость-с-каждои-регистровои-тонны-валовои-вместимости,единиц,1360,2350,,,48
tn,2018,3,1,,воздушных транспортных средств,s3--воздушных-транспортных-средств,единиц,1370,2360,,,49
tn,2018,4,0,,"Сумма налога, подлежащая уплате в бюджет - всего, тыс. руб.., в том числе:",s4--сумма-налога-подлежащая-уплате-в-бюджет-всего-тыс-руб-в-том-числе,тыс. руб.,1400,2400,,,50
tn,2018,4,1,,по наземным транспортным средствам,s4--по-наземным-транспортным-средствам,тыс. руб.,1410,2410,,,51
tn,2018,4,2,,Автомобили легковые с мощностью двигателя:,s4--автомобили-легковые-с-мощностью-двигателя,тыс. руб.,1411,2411,,,52
tn,2018,4,3,Автомобили легковые с мощностью двигателя:,"до 100 л.с. (до 73,55 кВт) включительно",s4--автомобили-легковые-с-мощностью-двигателя--до-100-л-с-до-73-55-квт-включительно,тыс. руб.,1412,2412,,,53
tn,2018,4,3,Автомобили легковые с мощностью двигателя:,"свыше 100 л.с. до 150 л.с. (свыше 73,55 кВт до 110,33 кВт) включительно",s4--автомобили-легковые-с-мощностью-двигателя--свыше-100-л-с-до-150-л-с-свыше-73-55-квт-до-110-33-квт-включительно,тыс. руб.,1413,2413,,,54
tn,2018,4,3,Автомобили легковые с мощностью двигателя:,"свыше 150 л.с. до 200 л.с. (свыше 110,33 кВт до 147,1 кВт) включительно",s4--автомобили-легковые-с-мощностью-двигателя--свыше-150-л-с-до-200-л-с-свыше-110-33-квт-до-147-1-квт-включительно,тыс. руб.,1414,2414,,,55
tn,2018,4,3,Автомобили легковые с мощностью двигателя:,"свыше 200 л.с. до 250 л.с. (свыше 147,1 кВт до 183,9 кВт) включительно",s4--автомобили-легковые-с-мощностью-двигателя--свыше-200-л-с-до-250-л-с-свыше-147-1-квт-до-183-9-квт-включительно,тыс. руб.,1415,2415,,,56
tn,2018,4,3,Автомобили легковые с мощностью двигателя:,"свыше 250 л.с. (свыше 183,9 кВт)",s4--автомобили-легковые-с-мощностью-двигателя--свыше-250-л-с-свыше-183-9-квт,тыс. руб.,1416,2416,,,57
tn,2018,4,3,Автомобили легковые с мощностью двигателя:,"в том числе с учетом повышающего коэффициента, установленного в соответствии с п.2 статьи 362 НК РФ",s4--в-том-числе-с-учетом-повышающего-коэффициента-установленного-в-соответствии-с-п-2-статьи-362-нк-рф,тыс. руб.,1417,2417,,,58
tn,2018,4,3,Автомобили легковые с мощностью двигателя:,"коэффициент 1,1",s4--коэффициент-1-1,тыс. руб.,1418,2418,,,59
tn,2018,4,3,Автомобили легковые с мощностью двигателя:,коэффициент 2,s4--автомобили-легковые-с-мощностью-двигателя--коэффициент-2,тыс. руб.,1419,2419,,,60
tn,2018,4,1,,коэффициент 3,s4--коэффициент-3,тыс. руб.,1420,2420,,,61
tn,2018,4,2,,Мотоциклы и мотороллеры с мощностью двигателя:,s4--мотоциклы-и-мотороллеры-с-мощностью-двигателя,тыс. руб.,1421,2421,,,62
tn,2018,4,3,Мотоциклы и мотороллеры с мощностью двигателя:,"до 20 л.с. (до 14,7 кВт) включительно",s4--до-20-л-с-до-14-7-квт-включительно,тыс. руб.,1422,2422,,,63
tn,2018,4,3,Мотоциклы и мотороллеры с мощностью двигателя:,"свыше 20 л.с. до 35 л.с. (свыше 14,7 кВт до 25,74 кВт) включительно",s4--свыше-20-л-с-до-35-л-с-свыше-14-7-квт-до-25-74-квт-включительно,тыс. руб.,1423,2423,,,64
tn,2018,4,3,Мотоциклы и мотороллеры с мощностью двигателя:,"свыше 35 л.с. (свыше 25,74 кВт)",s4--мотоциклы-и-мотороллеры-с-мощностью-двигателя--свыше-35-л-с-свыше-25-74-квт,тыс. руб.,1424,2424,,,65
tn,2018,4,2,,Автобусы с мощностью двигателя:,s4--автобусы-с-мощностью-двигателя,тыс. руб.,1425,2425,,,66
tn,2018,4,3,Автобусы с мощностью двигателя:,"до 200 л.с. (до 147,1 кВт) включительно",s4--до-200-л-с-до-147-1-квт-включительно,тыс. руб.,1426,2426,,,67
tn,2018,4,3,Автобусы с мощностью двигателя:,"свыше 200 л.с. (свыше 147,1 кВт)",s4--свыше-200-л-с-свыше-147-1-квт,тыс. руб.,1427,2427,,,68
tn,2018,4,2,,Автомобили грузовые с мощностью двигателя:,s4--автомобили-грузовые-с-мощностью-двигателя,тыс. руб.,1428,2428,,,69
tn,2018,4,3,Автомобили грузовые с мощностью двигателя:,"до 100 л.с. (до 73,55 кВт) включительно",s4--автомобили-грузовые-с-мощностью-двигателя--до-100-л-с-до-73-55-квт-включительно,тыс. руб.,1429,2429,,,70
tn,2018,4,1,,"свыше 100 л.с. до 150 л.с. (свыше 73,55 кВт до 110,33 кВт) включительно",s4--свыше-100-л-с-до-150-л-с-свыше-73-55-квт-до-110-33-квт-включительно,тыс. руб.,1430,2430,,,71
tn,2018,4,1,,"свыше 150 л.с. до 200 л.с. (свыше 110,33 кВт до 147,1 кВт) включительно",s4--свыше-150-л-с-до-200-л-с-свыше-110-33-квт-до-147-1-квт-включительно,тыс. руб.,1431,2431,,,72
tn,2018,4,1,,"свыше 200 л.с. до 250 л.с. (свыше 147,1 кВт до 183,9 кВт) включительно",s4--свыше-200-л-с-до-250-л-с-свыше-147-1-квт-до-183-9-квт-включительно,тыс. руб.,1432,2432,,,73
tn,2018,4,1,,"свыше 250 л.с. (свыше 183,9 кВт)",s4--свыше-250-л-с-свыше-183-9-квт,тыс. руб.,1433,2433,,,74
tn,2018,4,2,,"Другие самоходные транспортные средства, машины и механизмы на пневматическом и гусеничном ходу",s4--другие-самоходные-транспортные-средства-машины-и-механизмы-на-пневматическом-и-гусеничном-ходу,тыс. руб.,1434,2434,,,75
tn,2018,4,2,,"Снегоходы, мотосани с мощностью двигателя:",s4--снегоходы-мотосани-с-мощностью-двигателя,тыс. руб.,1435,2435,,,76
tn,2018,4,3,"Снегоходы, мотосани с мощностью двигателя:","до 50 л.с. (до 36,77 кВт) включительно",s4--до-50-л-с-до-36-77-квт-включительно,тыс. руб.,1436,2436,,,77
tn,2018,4,3,"Снегоходы, мотосани с мощностью двигателя:","свыше 50 л.с. (свыше 36,77 кВт)",s4--свыше-50-л-с-свыше-36-77-квт,тыс. руб.,1437,2437,,,78
tn,2018,4,3,"Снегоходы, мотосани с мощностью двигателя:",из них зарегистрированных в подразделениях Госавтоинспекции МВД России,s4--снегоходы-мотосани-с-мощностью-двигателя--из-них-зарегистрированных-в-подразделениях-госавтоинспекции-мвд-россии,тыс. руб.,1438,2438,,,79
tn,2018,4,1,,по водным транспортным средствам,s4--по-водным-транспортным-средствам,тыс. руб.,1450,2440,,,80
tn,2018,4,2,,"Катера, моторные лодки и другие водные транспортные средства с мощностью двигателя:",s4--катера-моторные-лодки-и-другие-водные-транспортные-средства-с-мощностью-двигателя,тыс. руб.,1451,2441,,,81
tn,2018,4,3,"Катера, моторные лодки и другие водные транспортные средства с мощностью двигателя:","до 100 л.с. (до 73,55 кВт) включительно",s4--катера-моторные-лодки-и-другие-водные-транспортные-средства-с-мощностью-двигателя--до-100-л-с-до-73-55-квт-включительно,тыс. руб.,1452,2442,,,82
tn,2018,4,3,"Катера, моторные лодки и другие водные транспортные средства с мощностью двигателя:","свыше 100 л.с. (свыше 73,55 кВт)",s4--катера-моторные-лодки-и-другие-водные-транспортные-средства-с-мощностью-двигателя--свыше-100-л-с-свыше-73-55-квт,тыс. руб.,1453,2443,,,83
tn,2018,4,2,,Яхты и другие парусно - моторные суда с мощностью двигателя:,s4--яхты-и-другие-парусно-моторные-суда-с-мощностью-двигателя,тыс. руб.,1454,2444,,,84
tn,2018,4,3,Яхты и другие парусно - моторные суда с мощностью двигателя:,"до 100 л.с. (до 73,55 кВт) включительно",s4--яхты-и-другие-парусно-моторные-суда-с-мощностью-двигателя--до-100-л-с-до-73-55-квт-включительно,тыс. руб.,1455,2445,,,85
tn,2018,4,3,Яхты и другие парусно - моторные суда с мощностью двигателя:,"свыше 100 л.с. (свыше 73,55 кВт)",s4--яхты-и-другие-парусно-моторные-суда-с-мощностью-двигателя--свыше-100-л-с-свыше-73-55-квт,тыс. руб.,1456,2446,,,86
tn,2018,4,2,,Гидроциклы с мощностью двигателя:,s4--гидроциклы-с-мощностью-двигателя,тыс. руб.,1457,2447,,,87
tn,2018,4,3,Гидроциклы с мощностью двигателя:,"до 100 л.с. (до 73,55 кВт) включительно",s4--гидроциклы-с-мощностью-двигателя--до-100-л-с-до-73-55-квт-включительно,тыс. руб.,1458,2448,,,88
tn,2018,4,3,Гидроциклы с мощностью двигателя:,"свыше 100 л.с. (свыше 73,55 кВт)",s4--гидроциклы-с-мощностью-двигателя--свыше-100-л-с-свыше-73-55-квт,тыс. руб.,1459,2449,,,89
tn,2018,4,2,,"Несамоходные (буксируемые) суда, для которых определяется валовая вместимость (с каждой регистровой тонны валовой вместимости)",s4--несамоходные-буксируемые-суда-для-которых-определяется-валовая-вместимость-с-каждои-регистровои-тонны-валовои-вместимости,тыс. руб.,1460,2450,,,90
tn,2018,4,1,,по воздушным транспортным средствам,s4--по-воздушным-транспортным-средствам,тыс. руб.,1470,2460,,,91
tn,2018,5,0,,"Сумма налога, не поступившая в бюджет в связи с предоставлением налогоплательщикам налоговых льгот, в том числе:",s5--сумма-налога-не-поступившая-в-бюджет-в-связи-с-предоставлением-налогоплательщикам-налоговых-льгот-в-том-числе,тыс. руб.,1500,2500,,,92
tn,2019,1,0,,"Количество налогоплательщиков, которым(и) начислен налог к уплате в бюджет, единиц",s1--количество-налогоплательщиков-которым-и-начислен-налог-к-уплате-в-бюджет-единиц,единиц,1100,2100,,,1
tn,2019,1,1,,которым исчислен налог и не предоставлены налоговые льготы,s1--которым-исчислен-налог-и-не-предоставлены-налоговые-льготы,единиц,1110,2110,,,2
tn,2019,1,1,,которым предоставлены налоговые льготы,s1--которым-предоставлены-налоговые-льготы,единиц,1120,2120,,,3
tn,2019,2,0,,"Количество транспортных средств в базе данных налогового органа - всего, единиц, в том числе:",s2--количество-транспортных-средств-в-базе-данных-налогового-органа-всего-единиц-в-том-числе,единиц,1200,2200,,,4
tn,2019,2,1,,наземных транспортных средств,s2--наземных-транспортных-средств,единиц,1210,2210,,,5
tn,2019,2,1,,водных транспортных средств,s2--водных-транспортных-средств,единиц,1220,2220,,,6
tn,2019,2,1,,воздушных транспортных средств,s2--воздушных-транспортных-средств,единиц,1230,2230,,,7
tn,2019,3,0,,"Количество транспортных средств, по которым начислен налог к уплате в бюджет - всего, единиц, в том числе:",s3--количество-транспортных-средств-по-которым-начислен-налог-к-уплате-в-бюджет-всего-единиц-в-том-числе,единиц,1300,2300,,,8
tn,2019,3,1,,наземных транспортных средств,s3--наземных-транспортных-средств,единиц,1310,2310,,,9
tn,2019,3,2,,Автомобили легковые с мощностью двигателя:,s3--автомобили-легковые-с-мощностью-двигателя,единиц,1311,2311,,,10
tn,2019,3,3,Автомобили легковые с мощностью двигателя:,"до 100 л.с. (до 73,55 кВт) включительно",s3--автомобили-легковые-с-мощностью-двигателя--до-100-л-с-до-73-55-квт-включительно,единиц,1312,2312,,,11
tn,2019,3,3,Автомобили легковые с мощностью двигателя:,"свыше 100 л.с. до 150 л.с. (свыше 73,55 кВт до 110,33 кВт) включительно",s3--автомобили-легковые-с-мощностью-двигателя--свыше-100-л-с-до-150-л-с-свыше-73-55-квт-до-110-33-квт-включительно,единиц,1313,2313,,,12
tn,2019,3,3,Автомобили легковые с мощностью двигателя:,"свыше 150 л.с. до 200 л.с. (свыше 110,33 кВт до 147,1 кВт) включительно",s3--автомобили-легковые-с-мощностью-двигателя--свыше-150-л-с-до-200-л-с-свыше-110-33-квт-до-147-1-квт-включительно,единиц,1314,2314,,,13
tn,2019,3,3,Автомобили легковые с мощностью двигателя:,"свыше 200 л.с. до 250 л.с. (свыше 147,1 кВт до 183,9 кВт) включительно",s3--автомобили-легковые-с-мощностью-двигателя--свыше-200-л-с-до-250-л-с-свыше-147-1-квт-до-183-9-квт-включительно,единиц,1315,2315,,,14
tn,2019,3,3,Автомобили легковые с мощностью двигателя:,"свыше 250 л.с. (свыше 183,9 кВт)",s3--автомобили-легковые-с-мощностью-двигателя--свыше-250-л-с-свыше-183-9-квт,единиц,1316,2316,,,15
tn,2019,3,3,Автомобили легковые с мощностью двигателя:,"в том числе с учетом повышающего коэффициента, установленного в соответствии с п.2 статьи 362 НК РФ",s3--в-том-числе-с-учетом-повышающего-коэффициента-установленного-в-соответствии-с-п-2-статьи-362-нк-рф,единиц,1317,2317,,,16
tn,2019,3,3,Автомобили легковые с мощностью двигателя:,"коэффициент 1,1",s3--коэффициент-1-1,единиц,1318,2318,,,17
tn,2019,3,3,Автомобили легковые с мощностью двигателя:,коэффициент 2,s3--автомобили-легковые-с-мощностью-двигателя--коэффициент-2,единиц,1319,2319,,,18
tn,2019,3,1,,коэффициент 3,s3--коэффициент-3,единиц,1320,2320,,,19
tn,2019,3,2,,Мотоциклы и мотороллеры с мощностью двигателя:,s3--мотоциклы-и-мотороллеры-с-мощностью-двигателя,единиц,1321,2321,,,20
tn,2019,3,3,Мотоциклы и мотороллеры с мощностью двигателя:,"до 20 л.с. (до 14,7 кВт) включительно",s3--до-20-л-с-до-14-7-квт-включительно,единиц,1322,2322,,,21
tn,2019,3,3,Мотоциклы и мотороллеры с мощностью двигателя:,"свыше 20 л.с. до 35 л.с. (свыше 14,7 кВт до 25,74 кВт) включительно",s3--свыше-20-л-с-до-35-л-с-свыше-14-7-квт-до-25-74-квт-включительно,единиц,1323,2323,,,22
tn,2019,3,3,Мотоциклы и мотороллеры с мощностью двигателя:,"свыше 35 л.с. (свыше 25,74 кВт)",s3--мотоциклы-и-мотороллеры-с-мощностью-двигателя--свыше-35-л-с-свыше-25-74-квт,единиц,1324,2324,,,23
tn,2019,3,2,,Автобусы с мощностью двигателя:,s3--автобусы-с-мощностью-двигателя,единиц,1325,2325,,,24
tn,2019,3,3,Автобусы с мощностью двигателя:,"до 200 л.с. (до 147,1 кВт) включительно",s3--до-200-л-с-до-147-1-квт-включительно,единиц,1326,2326,,,25
tn,2019,3,3,Автобусы с мощностью двигателя:,"свыше 200 л.с. (свыше 147,1 кВт)",s3--свыше-200-л-с-свыше-147-1-квт,единиц,1327,2327,,,26
tn,2019,3,2,,Автомобили грузовые с мощностью двигателя:,s3--автомобили-грузовые-с-мощностью-двигателя,единиц,1328,2328,,,27
tn,2019,3,3,Автомобили грузовые с мощностью двигателя:,"до 100 л.с. (до 73,55 кВт) включительно",s3--автомобили-грузовые-с-мощностью-двигателя--до-100-л-с-до-73-55-квт-включительно,единиц,1329,2329,,,28
tn,2019,3,1,,"свыше 100 л.с. до 150 л.с. (свыше 73,55 кВт до 110,33 кВт) включительно",s3--свыше-100-л-с-до-150-л-с-свыше-73-55-квт-до-110-33-квт-включительно,единиц,1330,2330,,,29
tn,2019,3,1,,"свыше 150 л.с. до 200 л.с. (свыше 110,33 кВт до 147,1 кВт) включительно",s3--свыше-150-л-с-до-200-л-с-свыше-110-33-квт-до-147-1-квт-включительно,единиц,1331,2331,,,30
tn,2019,3,1,,"свыше 200 л.с. до 250 л.с. (свыше 147,1 кВт до 183,9 кВт) включительно",s3--свыше-200-л-с-до-250-л-с-свыше-147-1-квт-до-183-9-квт-включительно,единиц,1332,2332,,,31
tn,2019,3,1,,"свыше 250 л.с. (свыше 183,9 кВт)",s3--свыше-250-л-с-свыше-183-9-квт,единиц,1333,2333,,,32
tn,2019,3,2,,"Другие самоходные транспортные средства, машины и механизмы на пневматическом и гусеничном ходу",s3--другие-самоходные-транспортные-средства-машины-и-механизмы-на-пневматическом-и-гусеничном-ходу,единиц,1334,2334,,,33
tn,2019,3,2,,"Снегоходы, мотосани с мощностью двигателя:",s3--снегоходы-мотосани-с-мощностью-двигателя,единиц,1335,2335,,,34
tn,2019,3,3,"Снегоходы, мотосани с мощностью двигателя:","до 50 л.с. (до 36,77 кВт) включительно",s3--до-50-л-с-до-36-77-квт-включительно,единиц,1336,2336,,,35
tn,2019,3,3,"Снегоходы, мотосани с мощностью двигателя:","свыше 50 л.с. (свыше 36,77 кВт)",s3--свыше-50-л-с-свыше-36-77-квт,единиц,1337,2337,,,36
tn,2019,3,3,"Снегоходы, мотосани с мощностью двигателя:",из них зарегистрированных в подразделениях Госавтоинспекции МВД России,s3--снегоходы-мотосани-с-мощностью-двигателя--из-них-зарегистрированных-в-подразделениях-госавтоинспекции-мвд-россии,единиц,1338,2338,,,37
tn,2019,3,1,,водных транспортных средств,s3--водных-транспортных-средств,единиц,1350,2340,,,38
tn,2019,3,2,,"Катера, моторные лодки и другие водные транспортные средства с мощностью двигателя:",s3--катера-моторные-лодки-и-другие-водные-транспортные-средства-с-мощностью-двигателя,единиц,1351,2341,,,39
tn,2019,3,3,"Катера, моторные лодки и другие водные транспортные средства с мощностью двигателя:","до 100 л.с. (до 73,55 кВт) включительно",s3--катера-моторные-лодки-и-другие-водные-транспортные-средства-с-мощностью-двигателя--до-100-л-с-до-73-55-квт-включительно,единиц,1352,2342,,,40
tn,2019,3,3,"Катера, моторные лодки и другие водные транспортные средства с мощностью двигателя:","свыше 100 л.с. (свыше 73,55 кВт)",s3--катера-моторные-лодки-и-другие-водные-транспортные-средства-с-мощностью-двигателя--свыше-100-л-с-свыше-73-55-квт,единиц,1353,2343,,,41
tn,2019,3,2,,Яхты и другие парусно - моторные суда с мощностью двигателя:,s3--яхты-и-другие-парусно-моторные-суда-с-мощностью-двигателя,единиц,1354,2344,,,42
tn,2019,3,3,Яхты и другие парусно - моторные суда с мощностью двигателя:,"до 100 л.с. (до 73,55 кВт) включительно",s3--яхты-и-другие-парусно-моторные-суда-с-мощностью-двигателя--до-100-л-с-до-73-55-квт-включительно,единиц,1355,2345,,,43
tn,2019,3,3,Яхты и другие парусно - моторные суда с мощностью двигателя:,"свыше 100 л.с. (свыше 73,55 кВт)",s3--яхты-и-другие-парусно-моторные-суда-с-мощностью-двигателя--свыше-100-л-с-свыше-73-55-квт,единиц,1356,2346,,,44
tn,2019,3,2,,Гидроциклы с мощностью двигателя:,s3--гидроциклы-с-мощностью-двигателя,единиц,1357,2347,,,45
tn,2019,3,3,Гидроциклы с мощностью двигателя:,"до 100 л.с. (до 73,55 кВт) включительно",s3--гидроциклы-с-мощностью-двигателя--до-100-л-с-до-73-55-квт-включительно,единиц,1358,2348,,,46
tn,2019,3,3,Гидроциклы с мощностью двигателя:,"свыше 100 л.с. (свыше 73,55 кВт)",s3--гидроциклы-с-мощностью-двигателя--свыше-100-л-с-свыше-73-55-квт,единиц,1359,2349,,,47
tn,2019,3,2,,"Несамоходные (буксируемые) суда, для которых определяется валовая вместимость (с каждой регистровой тонны валовой вместимости)",s3--несамоходные-буксируемые-суда-для-которых-определяется-валовая-вместимость-с-каждои-регистровои-тонны-валовои-вместимости,единиц,1360,2350,,,48
tn,2019,3,1,,воздушных транспортных средств,s3--воздушных-транспортных-средств,единиц,1370,2360,,,49
tn,2019,4,0,,"Сумма налога, подлежащая уплате в бюджет - всего, тыс. руб.., в том числе:",s4--сумма-налога-подлежащая-уплате-в-бюджет-всего-тыс-руб-в-том-числе,тыс. руб.,1400,2400,,,50
tn,2019,4,1,,по наземным транспортным средствам,s4--по-наземным-транспортным-средствам,тыс. руб.,1410,2410,,,51
tn,2019,4,2,,Автомобили легковые с мощностью двигателя:,s4--автомобили-легковые-с-мощностью-двигателя,тыс. руб.,1411,2411,,,52
tn,2019,4,3,Автомобили легковые с мощностью двигателя:,"до 100 л.с. (до 73,55 кВт) включительно",s4--автомобили-легковые-с-мощностью-двигателя--до-100-л-с-до-73-55-квт-включительно,тыс. руб.,1412,2412,,,53
tn,2019,4,3,Автомобили легковые с мощностью двигателя:,"свыше 100 л.с. до 150 л.с. (свыше 73,55 кВт до 110,33 кВт) включительно",s4--автомобили-легковые-с-мощностью-двигателя--свыше-100-л-с-до-150-л-с-свыше-73-55-квт-до-110-33-квт-включительно,тыс. руб.,1413,2413,,,54
tn,2019,4,3,Автомобили легковые с мощностью двигателя:,"свыше 150 л.с. до 200 л.с. (свыше 110,33 кВт до 147,1 кВт) включительно",s4--автомобили-легковые-с-мощностью-двигателя--свыше-150-л-с-до-200-л-с-свыше-110-33-квт-до-147-1-квт-включительно,тыс. руб.,1414,2414,,,55
tn,2019,4,3,Автомобили легковые с мощностью двигателя:,"свыше 200 л.с. до 250 л.с. (свыше 147,1 кВт до 183,9 кВт) включительно",s4--автомобили-легковые-с-мощностью-двигателя--свыше-200-л-с-до-250-л-с-свыше-147-1-квт-до-183-9-квт-включительно,тыс. руб.,1415,2415,,,56
tn,2019,4,3,Автомобили легковые с мощностью двигателя:,"свыше 250 л.с. (свыше 183,9 кВт)",s4--автомобили-легковые-с-мощностью-двигателя--свыше-250-л-с-свыше-183-9-квт,тыс. руб.,1416,2416,,,57
tn,2019,4,3,Автомобили легковые с мощностью двигателя:,"в том числе с учетом повышающего коэффициента, установленного в соответствии с п.2 статьи 362 НК РФ",s4--в-том-числе-с-учетом-повышающего-коэффициента-установленного-в-соответствии-с-п-2-статьи-362-нк-рф,тыс. руб.,1417,2417,,,58
tn,2019,4,3,Автомобили легковые с мощностью двигателя:,"коэффициент 1,1",s4--коэффициент-1-1,тыс. руб.,1418,2418,,,59
tn,2019,4,3,Автомобили легковые с мощностью двигателя:,коэффициент 2,s4--автомобили-легковые-с-мощностью-двигателя--коэффициент-2,тыс. руб.,1419,2419,,,60
tn,2019,4,1,,коэффициент 3,s4--коэффициент-3,тыс. руб.,1420,2420,,,61
tn,2019,4,2,,Мотоциклы и мотороллеры с мощностью двигателя:,s4--мотоциклы-и-мотороллеры-с-мощностью-двигателя,тыс. руб.,1421,2421,,,62
tn,2019,4,3,Мотоциклы и мотороллеры с мощностью двигателя:,"до 20 л.с. (до 14,7 кВт) включительно",s4--до-20-л-с-до-14-7-квт-включительно,тыс. руб.,1422,2422,,,63
tn,2019,4,3,Мотоциклы и мотороллеры с мощностью двигателя:,"свыше 20 л.с. до 35 л.с. (свыше 14,7 кВт до 25,74 кВт) включительно",s4--свыше-20-л-с-до-35-л-с-свыше-14-7-квт-до-25-74-квт-включительно,тыс. руб.,1423,2423,,,64
tn,2019,4,3,Мотоциклы и мотороллеры с мощностью двигателя:,"свыше 35 л.с. (свыше 25,74 кВт)",s4--мотоциклы-и-мотороллеры-с-мощностью-двигателя--свыше-35-л-с-свыше-25-74-квт,тыс. руб.,1424,2424,,,65
tn,2019,4,2,,Автобусы с мощностью двигателя:,s4--автобусы-с-мощностью-двигателя,тыс. руб.,1425,2425,,,66
tn,2019,4,3,Автобусы с мощностью двигателя:,"до 200 л.с. (до 147,1 кВт) включительно",s4--до-200-л-с-до-147-1-квт-включительно,тыс. руб.,1426,2426,,,67
tn,2019,4,3,Автобусы с мощностью двигателя:,"свыше 200 л.с. (свыше 147,1 кВт)",s4--свыше-200-л-с-свыше-147-1-квт,тыс. руб.,1427,2427,,,68
tn,2019,4,2,,Автомобили грузовые с мощностью двигателя:,s4--автомобили-грузовые-с-мощностью-двигателя,тыс. руб.,1428,2428,,,69
tn,2019,4,3,Автомобили грузовые с мощностью двигателя:,"до 100 л.с. (до 73,55 кВт) включительно",s4--автомобили-грузовые-с-мощностью-двигателя--до-100-л-с-до-73-55-квт-включительно,тыс. руб.,1429,2429,,,70
tn,2019,4,1,,"свыше 100 л.с. до 150 л.с. (свыше 73,55 кВт до 110,33 кВт) включительно",s4--свыше-100-л-с-до-150-л-с-свыше-73-55-квт-до-110-33-квт-включительно,тыс. руб.,1430,2430,,,71
tn,2019,4,1,,"свыше 150 л.с. до 200 л.с. (свыше 110,33 кВт до 147,1 кВт) включительно",s4--свыше-150-л-с-до-200-л-с-свыше-110-33-квт-до-147-1-квт-включительно,тыс. руб.,1431,2431,,,72
tn,2019,4,1,,"свыше 200 л.с. до 250 л.с. (свыше 147,1 кВт до 183,9 кВт) включительно",s4--свыше-200-л-с-до-250-л-с-свыше-147-1-квт-до-183-9-квт-включительно,тыс. руб.,1432,2432,,,73
tn,2019,4,1,,"свыше 250 л.с. (свыше 183,9 кВт)",s4--свыше-250-л-с-свыше-183-9-квт,тыс. руб.,1433,2433,,,74
tn,2019,4,2,,"Другие самоходные транспортные средства, машины и механизмы на пневматическом и гусеничном ходу",s4--другие-самоходные-транспортные-средства-машины-и-механизмы-на-пневматическом-и-гусеничном-ходу,тыс. руб.,1434,2434,,,75
tn,2019,4,2,,"Снегоходы, мотосани с мощностью двигателя:",s4--снегоходы-мотосани-с-мощностью-двигателя,тыс. руб.,1435,2435,,,76
tn,2019,4,3,"Снегоходы, мотосани с мощностью двигателя:","до 50 л.с. (до 36,77 кВт) включительно",s4--до-50-л-с-до-36-77-квт-включительно,тыс. руб.,1436,2436,,,77
tn,2019,4,3,"Снегоходы, мотосани с мощностью двигателя:","свыше 50 л.с. (свыше 36,77 кВт)",s4--свыше-50-л-с-свыше-36-77-квт,тыс. руб.,1437,2437,,,78
tn,2019,4,3,"Снегоходы, мотосани с мощностью двигателя:",из них зарегистрированных в подразделениях Госавтоинспекции МВД России,s4--снегоходы-мотосани-с-мощностью-двигателя--из-них-зарегистрированных-в-подразделениях-госавтоинспекции-мвд-россии,тыс. руб.,1438,2438,,,79
tn,2019,4,1,,по водным транспортным средствам,s4--по-водным-транспортным-средствам,тыс. руб.,1450,2440,,,80
tn,2019,4,2,,"Катера, моторные лодки и другие водные транспортные средства с мощностью двигателя:",s4--катера-моторные-лодки-и-другие-водные-транспортные-средства-с-мощностью-двигателя,тыс. руб.,1451,2441,,,81
tn,2019,4,3,"Катера, моторные лодки и другие водные транспортные средства с мощностью двигателя:","до 100 л.с. (до 73,55 кВт) включительно",s4--катера-моторные-лодки-и-другие-водные-транспортные-средства-с-мощностью-двигателя--до-100-л-с-до-73-55-квт-включительно,тыс. руб.,1452,2442,,,82
tn,2019,4,3,"Катера, моторные лодки и другие водные транспортные средства с мощностью двигателя:","свыше 100 л.с. (свыше 73,55 кВт)",s4--катера-моторные-лодки-и-другие-водные-транспортные-средства-с-мощностью-двигателя--свыше-100-л-с-свыше-73-55-квт,тыс. руб.,1453,2443,,,83
tn,2019,4,2,,Яхты и другие парусно - моторные суда с мощностью двигателя:,s4--яхты-и-другие-парусно-моторные-суда-с-мощностью-двигателя,тыс. руб.,1454,2444,,,84
tn,2019,4,3,Яхты и другие парусно - моторные суда с мощностью двигателя:,"до 100 л.с. (до 73,55 кВт) включительно",s4--яхты-и-другие-парусно-моторные-суда-с-мощностью-двигателя--до-100-л-с-до-73-55-квт-включительно,тыс. руб.,1455,2445,,,85
tn,2019,4,3,Яхты и другие парусно - моторные суда с мощностью двигателя:,"свыше 100 л.с. (свыше 73,55 кВт)",s4--яхты-и-другие-парусно-моторные-суда-с-мощностью-двигателя--свыше-100-л-с-свыше-73-55-квт,тыс. руб.,1456,2446,,,86
tn,2019,4,2,,Гидроциклы с мощностью двигателя:,s4--гидроциклы-с-мощностью-двигателя,тыс. руб.,1457,2447,,,87
tn,2019,4,3,Гидроциклы с мощностью двигателя:,"до 100 л.с. (до 73,55 кВт) включительно",s4--гидроциклы-с-мощностью-двигателя--до-100-л-с-до-73-55-квт-включительно,тыс. руб.,1458,2448,,,88
tn,2019,4,3,Гидроциклы с мощностью двигателя:,"свыше 100 л.с. (свыше 73,55 кВт)",s4--гидроциклы-с-мощностью-двигателя--свыше-100-л-с-свыше-73-55-квт,тыс. руб.,1459,2449,,,89
tn,2019,4,2,,"Несамоходные (буксируемые) суда, для которых определяется валовая вместимость (с каждой регистровой тонны валовой вместимости)",s4--несамоходные-буксируемые-суда-для-которых-определяется-валовая-вместимость-с-каждои-регистровои-тонны-валовои-вместимости,тыс. руб.,1460,2450,,,90
tn,2019,4,1,,по воздушным транспортным средствам,s4--по-воздушным-транспортным-средствам,тыс. руб.,1470,2460,,,91
tn,2019,5,0,,"Сумма налога, не поступившая в бюджет в связи с предоставлением налогоплательщикам налоговых льгот, в том числе:",s5--сумма-налога-не-поступившая-в-бюджет-в-связи-с-предоставлением-налогоплательщикам-налоговых-льгот-в-том-числе,тыс. руб.,1500,2500,,,92
tn,2020,1,0,,"Количество налогоплательщиков, которым(и) начислен налог к уплате в бюджет, единиц",s1--количество-налогоплательщиков-которым-и-начислен-налог-к-уплате-в-бюджет-единиц,единиц,1100,2100,,,1
tn,2020,1,1,,которым исчислен налог и не предоставлены налоговые льготы,s1--которым-исчислен-налог-и-не-предоставлены-налоговые-льготы,единиц,1110,2110,,,2
tn,2020,1,1,,которым предоставлены налоговые льготы,s1--которым-предоставлены-налоговые-льготы,единиц,1120,2120,,,3
tn,2020,2,0,,"Количество транспортных средств в базе данных налогового органа - всего, единиц, в том числе:",s2--количество-транспортных-средств-в-базе-данных-налогового-органа-всего-единиц-в-том-числе,единиц,1200,2200,,,4
tn,2020,2,1,,наземных транспортных средств,s2--наземных-транспортных-средств,единиц,1210,2210,,,5
tn,2020,2,1,,водных транспортных средств,s2--водных-транспортных-средств,единиц,1220,2220,,,6
tn,2020,2,1,,воздушных транспортных средств,s2--воздушных-транспортных-средств,единиц,1230,2230,,,7
tn,2020,3,0,,"Количество транспортных средств, по которым начислен налог к уплате в бюджет - всего, единиц, в том числе:",s3--количество-транспортных-средств-по-которым-начислен-налог-к-уплате-в-бюджет-всего-единиц-в-том-числе,единиц,1300,2300,,,8
tn,2020,3,1,,наземных транспортных средств,s3--наземных-транспортных-средств,единиц,1310,2310,,,9
tn,2020,3,2,,Автомобили легковые с мощностью двигателя:,s3--автомобили-легковые-с-мощностью-двигателя,единиц,1311,2311,,,10
tn,2020,3,3,Автомобили легковые с мощностью двигателя:,"до 100 л.с. (до 73,55 кВт) включительно",s3--автомобили-легковые-с-мощностью-двигателя--до-100-л-с-до-73-55-квт-включительно,единиц,1312,2312,,,11
tn,2020,3,3,Автомобили легковые с мощностью двигателя:,"свыше 100 л.с. до 150 л.с. (свыше 73,55 кВт до 110,33 кВт) включительно",s3--автомобили-легковые-с-мощностью-двигателя--свыше-100-л-с-до-150-л-с-свыше-73-55-квт-до-110-33-квт-включительно,единиц,1313,2313,,,12
tn,2020,3,3,Автомобили легковые с мощностью двигателя:,"свыше 150 л.с. до 200 л.с. (свыше 110,33 кВт до 147,1 кВт) включительно",s3--автомобили-легковые-с-мощностью-двигателя--свыше-150-л-с-до-200-л-с-свыше-110-33-квт-до-147-1-квт-включительно,единиц,1314,2314,,,13
tn,2020,3,3,Автомобили легковые с мощностью двигателя:,"свыше 200 л.с. до 250 л.с. (свыше 147,1 кВт до 183,9 кВт) включительно",s3--автомобили-легковые-с-мощностью-двигателя--свыше-200-л-с-до-250-л-с-свыше-147-1-квт-до-183-9-квт-включительно,единиц,1315,2315,,,14
tn,2020,3,3,Автомобили легковые с мощностью двигателя:,"свыше 250 л.с. (свыше 183,9 кВт)",s3--автомобили-легковые-с-мощностью-двигателя--свыше-250-л-с-свыше-183-9-квт,единиц,1316,2316,,,15
tn,2020,3,3,Автомобили легковые с мощностью двигателя:,"в том числе с учетом повышающего коэффициента, установленного в соответствии с п.2 статьи 362 НК РФ",s3--в-том-числе-с-учетом-повышающего-коэффициента-установленного-в-соответствии-с-п-2-статьи-362-нк-рф,единиц,1317,2317,,,16
tn,2020,3,3,Автомобили легковые с мощностью двигателя:,"коэффициент 1,1",s3--коэффициент-1-1,единиц,1318,2318,,,17
tn,2020,3,3,Автомобили легковые с мощностью двигателя:,коэффициент 2,s3--автомобили-легковые-с-мощностью-двигателя--коэффициент-2,единиц,1319,2319,,,18
tn,2020,3,1,,коэффициент 3,s3--коэффициент-3,единиц,1320,2320,,,19
tn,2020,3,2,,Мотоциклы и мотороллеры с мощностью двигателя:,s3--мотоциклы-и-мотороллеры-с-мощностью-двигателя,единиц,1321,2321,,,20
tn,2020,3,3,Мотоциклы и мотороллеры с мощностью двигателя:,"до 20 л.с. (до 14,7 кВт) включительно",s3--до-20-л-с-до-14-7-квт-включительно,единиц,1322,2322,,,21
tn,2020,3,3,Мотоциклы и мотороллеры с мощностью двигателя:,"свыше 20 л.с. до 35 л.с. (свыше 14,7 кВт до 25,74 кВт) включительно",s3--свыше-20-л-с-до-35-л-с-свыше-14-7-квт-до-25-74-квт-включительно,единиц,1323,2323,,,22
tn,2020,3,3,Мотоциклы и мотороллеры с мощностью двигателя:,"свыше 35 л.с. (свыше 25,74 кВт)",s3--мотоциклы-и-мотороллеры-с-мощностью-двигателя--свыше-35-л-с-свыше-25-74-квт,единиц,1324,2324,,,23
tn,2020,3,2,,Автобусы с мощностью двигателя:,s3--автобусы-с-мощностью-двигателя,единиц,1325,2325,,,24
tn,2020,3,3,Автобусы с мощностью двигателя:,"до 200 л.с. (до 147,1 кВт) включительно",s3--до-200-л-с-до-147-1-квт-включительно,единиц,1326,2326,,,25
tn,2020,3,3,Автобусы с мощностью двигателя:,"свыше 200 л.с. (свыше 147,1 кВт)",s3--свыше-200-л-с-свыше-147-1-квт,единиц,1327,2327,,,26
tn,2020,3,2,,Автомобили грузовые с мощностью двигателя:,s3--автомобили-грузовые-с-мощностью-двигателя,единиц,1328,2328,,,27
tn,2020,3,3,Автомобили грузовые с мощностью двигателя:,"до 100 л.с. (до 73,55 кВт) включительно",s3--автомобили-грузовые-с-мощностью-двигателя--до-100-л-с-до-73-55-квт-включительно,единиц,1329,2329,,,28
tn,2020,3,1,,"свыше 100 л.с. до 150 л.с. (свыше 73,55 кВт до 110,33 кВт) включительно",s3--свыше-100-л-с-до-150-л-с-свыше-73-55-квт-до-110-33-квт-включительно,единиц,1330,2330,,,29
tn,2020,3,1,,"свыше 150 л.с. до 200 л.с. (свыше 110,33 кВт до 147,1 кВт) включительно",s3--свыше-150-л-с-до-200-л-с-свыше-110-33-квт-до-147-1-квт-включительно,единиц,1331,2331,,,30
tn,2020,3,1,,"свыше 200 л.с. до 250 л.с. (свыше 147,1 кВт до 183,9 кВт) включительно",s3--свыше-200-л-с-до-250-л-с-свыше-147-1-квт-до-183-9-квт-включительно,единиц,1332,2332,,,31
tn,2020,3,1,,"свыше 250 л.с. (свыше 183,9 кВт)",s3--свыше-250-л-с-свыше-183-9-квт,единиц,1333,2333,,,32
tn,2020,3,2,,"Другие самоходные транспортные средства, машины и механизмы на пневматическом и гусеничном ходу",s3--другие-самоходные-транспортные-средства-машины-и-механизмы-на-пневматическом-и-гусеничном-ходу,единиц,1334,2334,,,33
tn,2020,3,2,,"Снегоходы, мотосани с мощностью двигателя:",s3--снегоходы-мотосани-с-мощностью-двигателя,единиц,1335,2335,,,34
tn,2020,3,3,"Снегоходы, мотосани с мощностью двигателя:","до 50 л.с. (до 36,77 кВт) включительно",s3--до-50-л-с-до-36-77-квт-включительно,единиц,1336,2336,,,35
tn,2020,3,3,"Снегоходы, мотосани с мощностью двигателя:","свыше 50 л.с. (свыше 36,77 кВт)",s3--свыше-50-л-с-свыше-36-77-квт,единиц,1337,2337,,,36
tn,2020,3,3,"Снегоходы, мотосани с мощностью двигателя:",из них зарегистрированных в подразделениях Госавтоинспекции МВД России,s3--снегоходы-мотосани-с-мощностью-двигателя--из-них-зарегистрированных-в-подразделениях-госавтоинспекции-мвд-россии,единиц,1338,2338,,,37
tn,2020,3,1,,водных транспортных средств,s3--водных-транспортных-средств,единиц,1350,2340,,,38
tn,2020,3,2,,"Катера, моторные лодки и другие водные транспортные средства с мощностью двигателя:",s3--катера-моторные-лодки-и-другие-водные-транспортные-средства-с-мощностью-двигателя,единиц,1351,2341,,,39
tn,2020,3,3,"Катера, моторные лодки и другие водные транспортные средства с мощностью двигателя:","до 100 л.с. (до 73,55 кВт) включительно",s3--катера-моторные-лодки-и-другие-водные-транспортные-средства-с-мощностью-двигателя--до-100-л-с-до-73-55-квт-включительно,единиц,1352,2342,,,40
tn,2020,3,3,"Катера, моторные лодки и другие водные транспортные средства с мощностью двигателя:","свыше 100 л.с. (свыше 73,55 кВт)",s3--катера-моторные-лодки-и-другие-водные-транспортные-средства-с-мощностью-двигателя--свыше-100-л-с-свыше-73-55-квт,единиц,1353,2343,,,41
tn,2020,3,2,,Яхты и другие парусно - моторные суда с мощностью двигателя:,s3--яхты-и-другие-парусно-моторные-суда-с-мощностью-двигателя,единиц,1354,2344,,,42
tn,2020,3,3,Яхты и другие парусно - моторные суда с мощностью двигателя:,"до 100 л.с. (до 73,55 кВт) включительно",s3--яхты-и-другие-парусно-моторные-суда-с-мощностью-двигателя--до-100-л-с-до-73-55-квт-включительно,единиц,1355,2345,,,43
tn,2020,3,3,Яхты и другие парусно - моторные суда с мощностью двигателя:,"свыше 100 л.с. (свыше 73,55 кВт)",s3--яхты-и-другие-парусно-моторные-суда-с-мощностью-двигателя--свыше-100-л-с-свыше-73-55-квт,единиц,1356,2346,,,44
tn,2020,3,2,,Гидроциклы с мощностью двигателя:,s3--гидроциклы-с-мощностью-двигателя,единиц,1357,2347,,,45
tn,2020,3,3,Гидроциклы с мощностью двигателя:,"до 100 л.с. (до 73,55 кВт) включительно",s3--гидроциклы-с-мощностью-двигателя--до-100-л-с-до-73-55-квт-включительно,единиц,1358,2348,,,46
tn,2020,3,3,Гидроциклы с мощностью двигателя:,"свыше 100 л.с. (свыше 73,55 кВт)",s3--гидроциклы-с-мощностью-двигателя--свыше-100-л-с-свыше-73-55-квт,единиц,1359,2349,,,47
tn,2020,3,2,,"Несамоходные (буксируемые) суда, для которых определяется валовая вместимость (с каждой регистровой тонны валовой вместимости)",s3--несамоходные-буксируемые-суда-для-которых-определяется-валовая-вместимость-с-каждои-регистровои-тонны-валовои-вместимости,единиц,1360,2350,,,48
tn,2020,3,1,,воздушных транспортных средств,s3--воздушных-транспортных-средств,единиц,1370,2360,,,49
tn,2020,4,0,,"Сумма налога, подлежащая уплате в бюджет - всего, тыс. руб.., в том числе:",s4--сумма-налога-подлежащая-уплате-в-бюджет-всего-тыс-руб-в-том-числе,тыс. руб.,1400,2400,,,50
tn,2020,4,1,,по наземным транспортным средствам,s4--по-наземным-транспортным-средствам,тыс. руб.,1410,2410,,,51
tn,2020,4,2,,Автомобили легковые с мощностью двигателя:,s4--автомобили-легковые-с-мощностью-двигателя,тыс. руб.,1411,2411,,,52
tn,2020,4,3,Автомобили легковые с мощностью двигателя:,"до 100 л.с. (до 73,55 кВт) включительно",s4--автомобили-легковые-с-мощностью-двигателя--до-100-л-с-до-73-55-квт-включительно,тыс. руб.,1412,2412,,,53
tn,2020,4,3,Автомобили легковые с мощностью двигателя:,"свыше 100 л.с. до 150 л.с. (свыше 73,55 кВт до 110,33 кВт) включительно",s4--автомобили-легковые-с-мощностью-двигателя--свыше-100-л-с-до-150-л-с-свыше-73-55-квт-до-110-33-квт-включительно,тыс. руб.,1413,2413,,,54
tn,2020,4,3,Автомобили легковые с мощностью двигателя:,"свыше 150 л.с. до 200 л.с. (свыше 110,33 кВт до 147,1 кВт) включительно",s4--автомобили-легковые-с-мощностью-двигателя--свыше-150-л-с-до-200-л-с-свыше-110-33-квт-до-147-1-квт-включительно,тыс. руб.,1414,2414,,,55
tn,2020,4,3,Автомобили легковые с мощностью двигателя:,"свыше 200 л.с. до 250 л.с. (свыше 147,1 кВт до 183,9 кВт) включительно",s4--автомобили-легковые-с-мощностью-двигателя--свыше-200-л-с-до-250-л-с-свыше-147-1-квт-до-183-9-квт-включительно,тыс. руб.,1415,2415,,,56
tn,2020,4,3,Автомобили легковые с мощностью двигателя:,"свыше 250 л.с. (свыше 183,9 кВт)",s4--автомобили-легковые-с-мощностью-двигателя--свыше-250-л-с-свыше-183-9-квт,тыс. руб.,1416,2416,,,57
tn,2020,4,3,Автомобили легковые с мощностью двигателя:,"в том числе с учетом повышающего коэффициента, установленного в соответствии с п.2 статьи 362 НК РФ",s4--в-том-числе-с-учетом-повышающего-коэффициента-установленного-в-соответствии-с-п-2-статьи-362-нк-рф,тыс. руб.,1417,2417,,,58
tn,2020,4,3,Автомобили легковые с мощностью двигателя:,"коэффициент 1,1",s4--коэффициент-1-1,тыс. руб.,1418,2418,,,59
tn,2020,4,3,Автомобили легковые с мощностью двигателя:,коэффициент 2,s4--автомобили-легковые-с-мощностью-двигателя--коэффициент-2,тыс. руб.,1419,2419,,,60
tn,2020,4,1,,коэффициент 3,s4--коэффициент-3,тыс. руб.,1420,2420,,,61
tn,2020,4,2,,Мотоциклы и мотороллеры с мощностью двигателя:,s4--мотоциклы-и-мотороллеры-с-мощностью-двигателя,тыс. руб.,1421,2421,,,62
tn,2020,4,3,Мотоциклы и мотороллеры с мощностью двигателя:,"до 20 л.с. (до 14,7 кВт) включительно",s4--до-20-л-с-до-14-7-квт-включительно,тыс. руб.,1422,2422,,,63
tn,2020,4,3,Мотоциклы и мотороллеры с мощностью двигателя:,"свыше 20 л.с. до 35 л.с. (свыше 14,7 кВт до 25,74 кВт) включительно",s4--свыше-20-л-с-до-35-л-с-свыше-14-7-квт-до-25-74-квт-включительно,тыс. руб.,1423,2423,,,64
tn,2020,4,3,Мотоциклы и мотороллеры с мощностью двигателя:,"свыше 35 л.с. (свыше 25,74 кВт)",s4--мотоциклы-и-мотороллеры-с-мощностью-двигателя--свыше-35-л-с-свыше-25-74-квт,тыс. руб.,1424,2424,,,65
tn,2020,4,2,,Автобусы с мощностью двигателя:,s4--автобусы-с-мощностью-двигателя,тыс. руб.,1425,2425,,,66
tn,2020,4,3,Автобусы с мощностью двигателя:,"до 200 л.с. (до 147,1 кВт) включительно",s4--до-200-л-с-до-147-1-квт-включительно,тыс. руб.,1426,2426,,,67
tn,2020,4,3,Автобусы с мощностью двигателя:,"свыше 200 л.с. (свыше 147,1 кВт)",s4--свыше-200-л-с-свыше-147-1-квт,тыс. руб.,1427,2427,,,68
tn,2020,4,2,,Автомобили грузовые с мощностью двигателя:,s4--автомобили-грузовые-с-мощностью-двигателя,тыс. руб.,1428,2428,,,69
tn,2020,4,3,Автомобили грузовые с мощностью двигателя:,"до 100 л.с. (до 73,55 кВт) включительно",s4--автомобили-грузовые-с-мощностью-двигателя--до-100-л-с-до-73-55-квт-включительно,тыс. руб.,1429,2429,,,70
tn,2020,4,1,,"свыше 100 л.с. до 150 л.с. (свыше 73,55 кВт до 110,33 кВт) включительно",s4--свыше-100-л-с-до-150-л-с-свыше-73-55-квт-до-110-33-квт-включительно,тыс. руб.,1430,2430,,,71
tn,2020,4,1,,"свыше 150 л.с. до 200 л.с. (свыше 110,33 кВт до 147,1 кВт) включительно",s4--свыше-150-л-с-до-200-л-с-свыше-110-33-квт-до-147-1-квт-включительно,тыс. руб.,1431,2431,,,72
tn,2020,4,1,,"свыше 200 л.с. до 250 л.с. (свыше 147,1 кВт до 183,9 кВт) включительно",s4--свыше-200-л-с-до-250-л-с-свыше-147-1-квт-до-183-9-квт-включительно,тыс. руб.,1432,2432,,,73
tn,2020,4,1,,"свыше 250 л.с. (свыше 183,9 кВт)",s4--свыше-250-л-с-свыше-183-9-квт,тыс. руб.,1433,2433,,,74
tn,2020,4,2,,"Другие самоходные транспортные средства, машины и механизмы на пневматическом и гусеничном ходу",s4--другие-самоходные-транспортные-средства-машины-и-механизмы-на-пневматическом-и-гусеничном-ходу,тыс. руб.,1434,2434,,,75
tn,2020,4,2,,"Снегоходы, мотосани с мощностью двигателя:",s4--снегоходы-мотосани-с-мощностью-двигателя,тыс. руб.,1435,2435,,,76
tn,2020,4,3,"Снегоходы, мотосани с мощностью двигателя:","до 50 л.с. (до 36,77 кВт) включительно",s4--до-50-л-с-до-36-77-квт-включительно,тыс. руб.,1436,2436,,,77
tn,2020,4,3,"Снегоходы, мотосани с мощностью двигателя:","свыше 50 л.с. (свыше 36,77 кВт)",s4--свыше-50-л-с-свыше-36-77-квт,тыс. руб.,1437,2437,,,78
tn,2020,4,3,"Снегоходы, мотосани с мощностью двигателя:",из них зарегистрированных в подразделениях Госавтоинспекции МВД России,s4--снегоходы-мотосани-с-мощностью-двигателя--из-них-зарегистрированных-в-подразделениях-госавтоинспекции-мвд-россии,тыс. руб.,1438,2438,,,79
tn,2020,4,1,,по водным транспортным средствам,s4--по-водным-транспортным-средствам,тыс. руб.,1450,2440,,,80
tn,2020,4,2,,"Катера, моторные лодки и другие водные транспортные средства с мощностью двигателя:",s4--катера-моторные-лодки-и-другие-водные-транспортные-средства-с-мощностью-двигателя,тыс. руб.,1451,2441,,,81
tn,2020,4,3,"Катера, моторные лодки и другие водные транспортные средства с мощностью двигателя:","до 100 л.с. (до 73,55 кВт) включительно",s4--катера-моторные-лодки-и-другие-водные-транспортные-средства-с-мощностью-двигателя--до-100-л-с-до-73-55-квт-включительно,тыс. руб.,1452,2442,,,82
tn,2020,4,3,"Катера, моторные лодки и другие водные транспортные средства с мощностью двигателя:","свыше 100 л.с. (свыше 73,55 кВт)",s4--катера-моторные-лодки-и-другие-водные-транспортные-средства-с-мощностью-двигателя--свыше-100-л-с-свыше-73-55-квт,тыс. руб.,1453,2443,,,83
tn,2020,4,2,,Яхты и другие парусно - моторные суда с мощностью двигателя:,s4--яхты-и-другие-парусно-моторные-суда-с-мощностью-двигателя,тыс. руб.,1454,2444,,,84
tn,2020,4,3,Яхты и другие парусно - моторные суда с мощностью двигателя:,"до 100 л.с. (до 73,55 кВт) включительно",s4--яхты-и-другие-парусно-моторные-суда-с-мощностью-двигателя--до-100-л-с-до-73-55-квт-включительно,тыс. руб.,1455,2445,,,85
tn,2020,4,3,Яхты и другие парусно - моторные суда с мощностью двигателя:,"свыше 100 л.с. (свыше 73,55 кВт)",s4--яхты-и-другие-парусно-моторные-суда-с-мощностью-двигателя--свыше-100-л-с-свыше-73-55-квт,тыс. руб.,1456,2446,,,86
tn,2020,4,2,,Гидроциклы с мощностью двигателя:,s4--гидроциклы-с-мощностью-двигателя,тыс. руб.,1457,2447,,,87
tn,2020,4,3,Гидроциклы с мощностью двигателя:,"до 100 л.с. (до 73,55 кВт) включительно",s4--гидроциклы-с-мощностью-двигателя--до-100-л-с-до-73-55-квт-включительно,тыс. руб.,1458,2448,,,88
tn,2020,4,3,Гидроциклы с мощностью двигателя:,"свыше 100 л.с. (свыше 73,55 кВт)",s4--гидроциклы-с-мощностью-двигателя--свыше-100-л-с-свыше-73-55-квт,тыс. руб.,1459,2449,,,89
tn,2020,4,2,,"Несамоходные (буксируемые) суда, для которых определяется валовая вместимость (с каждой регистровой тонны валовой вместимости)",s4--несамоходные-буксируемые-суда-для-которых-определяется-валовая-вместимость-с-каждои-регистровои-тонны-валовои-вместимости,тыс. руб.,1460,2450,,,90
tn,2020,4,1,,по воздушным транспортным средствам,s4--по-воздушным-транспортным-средствам,тыс. руб.,1470,2460,,,91
tn,2020,5,0,,"Сумма налога, не поступившая в бюджет в связи с предоставлением налогоплательщикам налоговых льгот, в том числе:",s5--сумма-налога-не-поступившая-в-бюджет-в-связи-с-предоставлением-налогоплательщикам-налоговых-льгот-в-том-числе,тыс. руб.,1500,2500,,,92
tn,2021,1,0,,"Количество налогоплательщиков, которым(и) начислен налог к уплате в бюджет, единиц",s1--количество-налогоплательщиков-которым-и-начислен-налог-к-уплате-в-бюджет-единиц,единиц,1100,2100,,,1
tn,2021,1,1,,которым исчислен налог и не предоставлены налоговые льготы,s1--которым-исчислен-налог-и-не-предоставлены-налоговые-льготы,единиц,1110,2110,,,2
tn,2021,1,1,,которым предоставлены налоговые льготы,s1--которым-предоставлены-налоговые-льготы,единиц,1120,2120,,,3
tn,2021,2,0,,"Количество транспортных средств в базе данных налогового органа - всего, единиц, в том числе:",s2--количество-транспортных-средств-в-базе-данных-налогового-органа-всего-единиц-в-том-числе,единиц,1200,2200,,,4
tn,2021,2,1,,наземных транспортных средств,s2--наземных-транспортных-средств,единиц,1210,2210,,,5
tn,2021,2,1,,водных транспортных средств,s2--водных-транспортных-средств,единиц,1220,2220,,,6
tn,2021,2,1,,воздушных транспортных средств,s2--воздушных-транспортных-средств,единиц,1230,2230,,,7
tn,2021,3,0,,"Количество транспортных средств, по которым начислен налог к уплате в бюджет - всего, единиц, в том числе:",s3--количество-транспортных-средств-по-которым-начислен-налог-к-уплате-в-бюджет-всего-единиц-в-том-числе,единиц,1300,2300,,,8
tn,2021,3,1,,наземных транспортных средств,s3--наземных-транспортных-средств,единиц,1310,2310,,,9
tn,2021,3,2,,Автомобили легковые с мощностью двигателя:,s3--автомобили-легковые-с-мощностью-двигателя,единиц,1311,2311,,,10
tn,2021,3,3,Автомобили легковые с мощностью двигателя:,"до 100 л.с. (до 73,55 кВт) включительно",s3--автомобили-легковые-с-мощностью-двигателя--до-100-л-с-до-73-55-квт-включительно,единиц,1312,2312,,,11
tn,2021,3,3,Автомобили легковые с мощностью двигателя:,"свыше 100 л.с. до 150 л.с. (свыше 73,55 кВт до 110,33 кВт) включительно",s3--автомобили-легковые-с-мощностью-двигателя--свыше-100-л-с-до-150-л-с-свыше-73-55-квт-до-110-33-квт-включительно,единиц,1313,2313,,,12
tn,2021,3,3,Автомобили легковые с мощностью двигателя:,"свыше 150 л.с. до 200 л.с. (свыше 110,33 кВт до 147,1 кВт) включительно",s3--автомобили-легковые-с-мощностью-двигателя--свыше-150-л-с-до-200-л-с-свыше-110-33-квт-до-147-1-квт-включительно,единиц,1314,2314,,,13
tn,2021,3,3,Автомобили легковые с мощностью двигателя:,"свыше 200 л.с. до 250 л.с. (свыше 147,1 кВт до 183,9 кВт) включительно",s3--автомобили-легковые-с-мощностью-двигателя--свыше-200-л-с-до-250-л-с-свыше-147-1-квт-до-183-9-квт-включительно,единиц,1315,2315,,,14
tn,2021,3,3,Автомобили легковые с мощностью двигателя:,"свыше 250 л.с. (свыше 183,9 кВт)",s3--автомобили-легковые-с-мощностью-двигателя--свыше-250-л-с-свыше-183-9-квт,единиц,1316,2316,,,15
tn,2021,3,3,Автомобили легковые с мощностью двигателя:,"в том числе с учетом повышающего коэффициента, установленного в соответствии с п.2 статьи 362 НК РФ",s3--в-том-числе-с-учетом-повышающего-коэффициента-установленного-в-соответствии-с-п-2-статьи-362-нк-рф,единиц,1317,2317,,,16
tn,2021,3,3,Автомобили легковые с мощностью двигателя:,"коэффициент 1,1",s3--коэффициент-1-1,единиц,1318,2318,,,17
tn,2021,3,3,Автомобили легковые с мощностью двигателя:,коэффициент 2,s3--автомобили-легковые-с-мощностью-двигателя--коэффициент-2,единиц,1319,2319,,,18
tn,2021,3,1,,коэффициент 3,s3--коэффициент-3,единиц,1320,2320,,,19
tn,2021,3,2,,Мотоциклы и мотороллеры с мощностью двигателя:,s3--мотоциклы-и-мотороллеры-с-мощностью-двигателя,единиц,1321,2321,,,20
tn,2021,3,3,Мотоциклы и мотороллеры с мощностью двигателя:,"до 20 л.с. (до 14,7 кВт) включительно",s3--до-20-л-с-до-14-7-квт-включительно,единиц,1322,2322,,,21
tn,2021,3,3,Мотоциклы и мотороллеры с мощностью двигателя:,"свыше 20 л.с. до 35 л.с. (свыше 14,7 кВт до 25,74 кВт) включительно",s3--свыше-20-л-с-до-35-л-с-свыше-14-7-квт-до-25-74-квт-включительно,единиц,1323,2323,,,22
tn,2021,3,3,Мотоциклы и мотороллеры с мощностью двигателя:,"свыше 35 л.с. (свыше 25,74 кВт)",s3--мотоциклы-и-мотороллеры-с-мощностью-двигателя--свыше-35-л-с-свыше-25-74-квт,единиц,1324,2324,,,23
tn,2021,3,2,,Автобусы с мощностью двигателя:,s3--автобусы-с-мощностью-двигателя,единиц,1325,2325,,,24
tn,2021,3,3,Автобусы с мощностью двигателя:,"до 200 л.с. (до 147,1 кВт) включительно",s3--до-200-л-с-до-147-1-квт-включительно,единиц,1326,2326,,,25
tn,2021,3,3,Автобусы с мощностью двигателя:,"свыше 200 л.с. (свыше 147,1 кВт)",s3--свыше-200-л-с-свыше-147-1-квт,единиц,1327,2327,,,26
tn,2021,3,2,,Автомобили грузовые с мощностью двигателя:,s3--автомобили-грузовые-с-мощностью-двигателя,единиц,1328,2328,,,27
tn,2021,3,3,Автомобили грузовые с мощностью двигателя:,"до 100 л.с. (до 73,55 кВт) включительно",s3--автомобили-грузовые-с-мощностью-двигателя--до-100-л-с-до-73-55-квт-включительно,единиц,1329,2329,,,28
tn,2021,3,1,,"свыше 100 л.с. до 150 л.с. (свыше 73,55 кВт до 110,33 кВт) включительно",s3--свыше-100-л-с-до-150-л-с-свыше-73-55-квт-до-110-33-квт-включительно,единиц,1330,2330,,,29
tn,2021,3,1,,"свыше 150 л.с. до 200 л.с. (свыше 110,33 кВт до 147,1 кВт) включительно",s3--свыше-150-л-с-до-200-л-с-свыше-110-33-квт-до-147-1-квт-включительно,единиц,1331,2331,,,30
tn,2021,3,1,,"свыше 200 л.с. до 250 л.с. (свыше 147,1 кВт до 183,9 кВт) включительно",s3--свыше-200-л-с-до-250-л-с-свыше-147-1-квт-до-183-9-квт-включительно,единиц,1332,2332,,,31
tn,2021,3,1,,"свыше 250 л.с. (свыше 183,9 кВт)",s3--свыше-250-л-с-свыше-183-9-квт,единиц,1333,2333,,,32
tn,2021,3,2,,"Другие самоходные транспортные средства, машины и механизмы на пневматическом и гусеничном ходу",s3--другие-самоходные-транспортные-средства-машины-и-механизмы-на-пневматическом-и-гусеничном-ходу,единиц,1334,2334,,,33
tn,2021,3,2,,"Снегоходы, мотосани с мощностью двигателя:",s3--снегоходы-мотосани-с-мощностью-двигателя,единиц,1335,2335,,,34
tn,2021,3,3,"Снегоходы, мотосани с мощностью двигателя:","до 50 л.с. (до 36,77 кВт) включительно",s3--до-50-л-с-до-36-77-квт-включительно,единиц,1336,2336,,,35
tn,2021,3,3,"Снегоходы, мотосани с мощностью двигателя:","свыше 50 л.с. (свыше 36,77 кВт)",s3--свыше-50-л-с-свыше-36-77-квт,единиц,1337,2337,,,36
tn,2021,3,3,"Снегоходы, мотосани с мощностью двигателя:",из них зарегистрированных в подразделениях Госавтоинспекции МВД России,s3--снегоходы-мотосани-с-мощностью-двигателя--из-них-зарегистрированных-в-подразделениях-госавтоинспекции-мвд-россии,единиц,1338,2338,,,37
tn,2021,3,1,,водных транспортных средств,s3--водных-транспортных-средств,единиц,1350,2340,,,38
tn,2021,3,2,,"Катера, моторные лодки и другие водные транспортные средства с мощностью двигателя:",s3--катера-моторные-лодки-и-другие-водные-транспортные-средства-с-мощностью-двигателя,единиц,1351,2341,,,39
tn,2021,3,3,"Катера, моторные лодки и другие водные транспортные средства с мощностью двигателя:","до 100 л.с. (до 73,55 кВт) включительно",s3--катера-моторные-лодки-и-другие-водные-транспортные-средства-с-мощностью-двигателя--до-100-л-с-до-73-55-квт-включительно,единиц,1352,2342,,,40
tn,2021,3,3,"Катера, моторные лодки и другие водные транспортные средства с мощностью двигателя:","свыше 100 л.с. (свыше 73,55 кВт)",s3--катера-моторные-лодки-и-другие-водные-транспортные-средства-с-мощностью-двигателя--свыше-100-л-с-свыше-73-55-квт,единиц,1353,2343,,,41
tn,2021,3,2,,Яхты и другие парусно - моторные суда с мощностью двигателя:,s3--яхты-и-другие-парусно-моторные-суда-с-мощностью-двигателя,единиц,1354,2344,,,42
tn,2021,3,3,Яхты и другие парусно - моторные суда с мощностью двигателя:,"до 100 л.с. (до 73,55 кВт) включительно",s3--яхты-и-другие-парусно-моторные-суда-с-мощностью-двигателя--до-100-л-с-до-73-55-квт-включительно,единиц,1355,2345,,,43
tn,2021,3,3,Яхты и другие парусно - моторные суда с мощностью двигателя:,"свыше 100 л.с. (свыше 73,55 кВт)",s3--яхты-и-другие-парусно-моторные-суда-с-мощностью-двигателя--свыше-100-л-с-свыше-73-55-квт,единиц,1356,2346,,,44
tn,2021,3,2,,Гидроциклы с мощностью двигателя:,s3--гидроциклы-с-мощностью-двигателя,единиц,1357,2347,,,45
tn,2021,3,3,Гидроциклы с мощностью двигателя:,"до 100 л.с. (до 73,55 кВт) включительно",s3--гидроциклы-с-мощностью-двигателя--до-100-л-с-до-73-55-квт-включительно,единиц,1358,2348,,,46
tn,2021,3,3,Гидроциклы с мощностью двигателя:,"свыше 100 л.с. (свыше 73,55 кВт)",s3--гидроциклы-с-мощностью-двигателя--свыше-100-л-с-свыше-73-55-квт,единиц,1359,2349,,,47
tn,2021,3,2,,"Несамоходные (буксируемые) суда, для которых определяется валовая вместимость (с каждой регистровой тонны валовой вместимости)",s3--несамоходные-буксируемые-суда-для-которых-определяется-валовая-вместимость-с-каждои-регистровои-тонны-валовои-вместимости,единиц,1360,2350,,,48
tn,2021,3,1,,воздушных транспортных средств,s3--воздушных-транспортных-средств,единиц,1370,2360,,,49
tn,2021,4,0,,"Сумма налога, подлежащая уплате в бюджет - всего, тыс. руб.., в том числе:",s4--сумма-налога-подлежащая-уплате-в-бюджет-всего-тыс-руб-в-том-числе,тыс. руб.,1400,2400,,,50
tn,2021,4,1,,по наземным транспортным средствам,s4--по-наземным-транспортным-средствам,тыс. руб.,1410,2410,,,51
tn,2021,4,2,,Автомобили легковые с мощностью двигателя:,s4--автомобили-легковые-с-мощностью-двигателя,тыс. руб.,1411,2411,,,52
tn,2021,4,3,Автомобили легковые с мощностью двигателя:,"до 100 л.с. (до 73,55 кВт) включительно",s4--автомобили-легковые-с-мощностью-двигателя--до-100-л-с-до-73-55-квт-включительно,тыс. руб.,1412,2412,,,53
tn,2021,4,3,Автомобили легковые с мощностью двигателя:,"свыше 100 л.с. до 150 л.с. (свыше 73,55 кВт до 110,33 кВт) включительно",s4--автомобили-легковые-с-мощностью-двигателя--свыше-100-л-с-до-150-л-с-свыше-73-55-квт-до-110-33-квт-включительно,тыс. руб.,1413,2413,,,54
tn,2021,4,3,Автомобили легковые с мощностью двигателя:,"свыше 150 л.с. до 200 л.с. (свыше 110,33 кВт до 147,1 кВт) включительно",s4--автомобили-легковые-с-мощностью-двигателя--свыше-150-л-с-до-200-л-с-свыше-110-33-квт-до-147-1-квт-включительно,тыс. руб.,1414,2414,,,55
tn,2021,4,3,Автомобили легковые с мощностью двигателя:,"свыше 200 л.с. до 250 л.с. (свыше 147,1 кВт до 183,9 кВт) включительно",s4--автомобили-легковые-с-мощностью-двигателя--свыше-200-л-с-до-250-л-с-свыше-147-1-квт-до-183-9-квт-включительно,тыс. руб.,1415,2415,,,56
tn,2021,4,3,Автомобили легковые с мощностью двигателя:,"свыше 250 л.с. (свыше 183,9 кВт)",s4--автомобили-легковые-с-мощностью-двигателя--свыше-250-л-с-свыше-183-9-квт,тыс. руб.,1416,2416,,,57
tn,2021,4,3,Автомобили легковые с мощностью двигателя:,"в том числе с учетом повышающего коэффициента, установленного в соответствии с п.2 статьи 362 НК РФ",s4--в-том-числе-с-учетом-повышающего-коэффициента-установленного-в-соответствии-с-п-2-статьи-362-нк-рф,тыс. руб.,1417,2417,,,58
tn,2021,4,3,Автомобили легковые с мощностью двигателя:,"коэффициент 1,1",s4--коэффициент-1-1,тыс. руб.,1418,2418,,,59
tn,2021,4,3,Автомобили легковые с мощностью двигателя:,коэффициент 2,s4--автомобили-легковые-с-мощностью-двигателя--коэффициент-2,тыс. руб.,1419,2419,,,60
tn,2021,4,1,,коэффициент 3,s4--коэффициент-3,тыс. руб.,1420,2420,,,61
tn,2021,4,2,,Мотоциклы и мотороллеры с мощностью двигателя:,s4--мотоциклы-и-мотороллеры-с-мощностью-двигателя,тыс. руб.,1421,2421,,,62
tn,2021,4,3,Мотоциклы и мотороллеры с мощностью двигателя:,"до 20 л.с. (до 14,7 кВт) включительно",s4--до-20-л-с-до-14-7-квт-включительно,тыс. руб.,1422,2422,,,63
tn,2021,4,3,Мотоциклы и мотороллеры с мощностью двигателя:,"свыше 20 л.с. до 35 л.с. (свыше 14,7 кВт до 25,74 кВт) включительно",s4--свыше-20-л-с-до-35-л-с-свыше-14-7-квт-до-25-74-квт-включительно,тыс. руб.,1423,2423,,,64
tn,2021,4,3,Мотоциклы и мотороллеры с мощностью двигателя:,"свыше 35 л.с. (свыше 25,74 кВт)",s4--мотоциклы-и-мотороллеры-с-мощностью-двигателя--свыше-35-л-с-свыше-25-74-квт,тыс. руб.,1424,2424,,,65
tn,2021,4,2,,Автобусы с мощностью двигателя:,s4--автобусы-с-мощностью-двигателя,тыс. руб.,1425,2425,,,66
tn,2021,4,3,Автобусы с мощностью двигателя:,"до 200 л.с. (до 147,1 кВт) включительно",s4--до-200-л-с-до-147-1-квт-включительно,тыс. руб.,1426,2426,,,67
tn,2021,4,3,Автобусы с мощностью двигателя:,"свыше 200 л.с. (свыше 147,1 кВт)",s4--свыше-200-л-с-свыше-147-1-квт,тыс. руб.,1427,2427,,,68
tn,2021,4,2,,Автомобили грузовые с мощностью двигателя:,s4--автомобили-грузовые-с-мощностью-двигателя,тыс. руб.,1428,2428,,,69
tn,2021,4,3,Автомобили грузовые с мощностью двигателя:,"до 100 л.с. (до 73,55 кВт) включительно",s4--автомобили-грузовые-с-мощностью-двигателя--до-100-л-с-до-73-55-квт-включительно,тыс. руб.,1429,2429,,,70
tn,2021,4,1,,"свыше 100 л.с. до 150 л.с. (свыше 73,55 кВт до 110,33 кВт) включительно",s4--свыше-100-л-с-до-150-л-с-свыше-73-55-квт-до-110-33-квт-включительно,тыс. руб.,1430,2430,,,71
tn,2021,4,1,,"свыше 150 л.с. до 200 л.с. (свыше 110,33 кВт до 147,1 кВт) включительно",s4--свыше-150-л-с-до-200-л-с-свыше-110-33-квт-до-147-1-квт-включительно,тыс. руб.,1431,2431,,,72
tn,2021,4,1,,"свыше 200 л.с. до 250 л.с. (свыше 147,1 кВт до 183,9 кВт) включительно",s4--свыше-200-л-с-до-250-л-с-свыше-147-1-квт-до-183-9-квт-включительно,тыс. руб.,1432,2432,,,73
tn,2021,4,1,,"свыше 250 л.с. (свыше 183,9 кВт)",s4--свыше-250-л-с-свыше-183-9-квт,тыс. руб.,1433,2433,,,74
tn,2021,4,2,,"Другие самоходные транспортные средства, машины и механизмы на пневматическом и гусеничном ходу",s4--другие-самоходные-транспортные-средства-машины-и-механизмы-на-пневматическом-и-гусеничном-ходу,тыс. руб.,1434,2434,,,75
tn,2021,4,2,,"Снегоходы, мотосани с мощностью двигателя:",s4--снегоходы-мотосани-с-мощностью-двигателя,тыс. руб.,1435,2435,,,76
tn,2021,4,3,"Снегоходы, мотосани с мощностью двигателя:","до 50 л.с. (до 36,77 кВт) включительно",s4--до-50-л-с-до-36-77-квт-включительно,тыс. руб.,1436,2436,,,77
tn,2021,4,3,"Снегоходы, мотосани с мощностью двигателя:","свыше 50 л.с. (свыше 36,77 кВт)",s4--свыше-50-л-с-свыше-36-77-квт,тыс. руб.,1437,2437,,,78
tn,2021,4,3,"Снегоходы, мотосани с мощностью двигателя:",из них зарегистрированных в подразделениях Госавтоинспекции МВД России,s4--снегоходы-мотосани-с-мощностью-двигателя--из-них-зарегистрированных-в-подразделениях-госавтоинспекции-мвд-россии,тыс. руб.,1438,2438,,,79
tn,2021,4,1,,по водным транспортным средствам,s4--по-водным-транспортным-средствам,тыс. руб.,1450,2440,,,80
tn,2021,4,2,,"Катера, моторные лодки и другие водные транспортные средства с мощностью двигателя:",s4--катера-моторные-лодки-и-другие-водные-транспортные-средства-с-мощностью-двигателя,тыс. руб.,1451,2441,,,81
tn,2021,4,3,"Катера, моторные лодки и другие водные транспортные средства с мощностью двигателя:","до 100 л.с. (до 73,55 кВт) включительно",s4--катера-моторные-лодки-и-другие-водные-транспортные-средства-с-мощностью-двигателя--до-100-л-с-до-73-55-квт-включительно,тыс. руб.,1452,2442,,,82
tn,2021,4,3,"Катера, моторные лодки и другие водные транспортные средства с мощностью двигателя:","свыше 100 л.с. (свыше 73,55 кВт)",s4--катера-моторные-лодки-и-другие-водные-транспортные-средства-с-мощностью-двигателя--свыше-100-л-с-свыше-73-55-квт,тыс. руб.,1453,2443,,,83
tn,2021,4,2,,Яхты и другие парусно - моторные суда с мощностью двигателя:,s4--яхты-и-другие-парусно-моторные-суда-с-мощностью-двигателя,тыс. руб.,1454,2444,,,84
tn,2021,4,3,Яхты и другие парусно - моторные суда с мощностью двигателя:,"до 100 л.с. (до 73,55 кВт) включительно",s4--яхты-и-другие-парусно-моторные-суда-с-мощностью-двигателя--до-100-л-с-до-73-55-квт-включительно,тыс. руб.,1455,2445,,,85
tn,2021,4,3,Яхты и другие парусно - моторные суда с мощностью двигателя:,"свыше 100 л.с. (свыше 73,55 кВт)",s4--яхты-и-другие-парусно-моторные-суда-с-мощностью-двигателя--свыше-100-л-с-свыше-73-55-квт,тыс. руб.,1456,2446,,,86
tn,2021,4,2,,Гидроциклы с мощностью двигателя:,s4--гидроциклы-с-мощностью-двигателя,тыс. руб.,1457,2447,,,87
tn,2021,4,3,Гидроциклы с мощностью двигателя:,"до 100 л.с. (до 73,55 кВт) включительно",s4--гидроциклы-с-мощностью-двигателя--до-100-л-с-до-73-55-квт-включительно,тыс. руб.,1458,2448,,,88
tn,2021,4,3,Гидроциклы с мощностью двигателя:,"свыше 100 л.с. (свыше 73,55 кВт)",s4--гидроциклы-с-мощностью-двигателя--свыше-100-л-с-свыше-73-55-квт,тыс. руб.,1459,2449,,,89
tn,2021,4,2,,"Несамоходные (буксируемые) суда, для которых определяется валовая вместимость (с каждой регистровой тонны валовой вместимости)",s4--несамоходные-буксируемые-суда-для-которых-определяется-валовая-вместимость-с-каждои-регистровои-тонны-валовои-вместимости,тыс. руб.,1460,2450,,,90
tn,2021,4,1,,по воздушным транспортным средствам,s4--по-воздушным-транспортным-средствам,тыс. руб.,1470,2460,,,91
tn,2021,5,0,,"Сумма налога, не поступившая в бюджет в связи с предоставлением налогоплательщикам налоговых льгот, в том числе:",s5--сумма-налога-не-поступившая-в-бюджет-в-связи-с-предоставлением-налогоплательщикам-налоговых-льгот-в-том-числе,тыс. руб.,1500,2500,,,92
tn,2022,1,0,,"Количество налогоплательщиков, которым(и) начислен налог к уплате в бюджет, единиц",s1--количество-налогоплательщиков-которым-и-начислен-налог-к-уплате-в-бюджет-единиц,единиц,1100,2100,,,1
tn,2022,1,1,,которым исчислен налог и не предоставлены налоговые льготы,s1--которым-исчислен-налог-и-не-предоставлены-налоговые-льготы,единиц,1110,2110,,,2
tn,2022,1,1,,которым предоставлены налоговые льготы,s1--которым-предоставлены-налоговые-льготы,единиц,1120,2120,,,3
tn,2022,2,0,,"Количество транспортных средств в базе данных налогового органа - всего, единиц, в том числе:",s2--количество-транспортных-средств-в-базе-данных-налогового-органа-всего-единиц-в-том-числе,единиц,1200,2200,,,4
tn,2022,2,1,,наземных транспортных средств,s2--наземных-транспортных-средств,единиц,1210,2210,,,5
tn,2022,2,1,,водных транспортных средств,s2--водных-транспортных-средств,единиц,1220,2220,,,6
tn,2022,2,1,,воздушных транспортных средств,s2--воздушных-транспортных-средств,единиц,1230,2230,,,7
tn,2022,3,0,,"Количество транспортных средств, по которым начислен налог к уплате в бюджет - всего, единиц, в том числе:",s3--количество-транспортных-средств-по-которым-начислен-налог-к-уплате-в-бюджет-всего-единиц-в-том-числе,единиц,1300,2300,,,8
tn,2022,3,1,,наземных транспортных средств,s3--наземных-транспортных-средств,единиц,1310,2310,,,9
tn,2022,3,2,,Автомобили легковые с мощностью двигателя:,s3--автомобили-легковые-с-мощностью-двигателя,единиц,1311,2311,,,10
tn,2022,3,3,Автомобили легковые с мощностью двигателя:,"до 100 л.с. (до 73,55 кВт) включительно",s3--автомобили-легковые-с-мощностью-двигателя--до-100-л-с-до-73-55-квт-включительно,единиц,1312,2312,,,11
tn,2022,3,3,Автомобили легковые с мощностью двигателя:,"свыше 100 л.с. до 150 л.с. (свыше 73,55 кВт до 110,33 кВт) включительно",s3--автомобили-легковые-с-мощностью-двигателя--свыше-100-л-с-до-150-л-с-свыше-73-55-квт-до-110-33-квт-включительно,единиц,1313,2313,,,12
tn,2022,3,3,Автомобили легковые с мощностью двигателя:,"свыше 150 л.с. до 200 л.с. (свыше 110,33 кВт до 147,1 кВт) включительно",s3--автомобили-легковые-с-мощностью-двигателя--свыше-150-л-с-до-200-л-с-свыше-110-33-квт-до-147-1-квт-включительно,единиц,1314,2314,,,13
tn,2022,3,3,Автомобили легковые с мощностью двигателя:,"свыше 200 л.с. до 250 л.с. (свыше 147,1 кВт до 183,9 кВт) включительно",s3--автомобили-легковые-с-мощностью-двигателя--свыше-200-л-с-до-250-л-с-свыше-147-1-квт-до-183-9-квт-включительно,единиц,1315,2315,,,14
tn,2022,3,3,Автомобили легковые с мощностью двигателя:,"свыше 250 л.с. (свыше 183,9 кВт)",s3--автомобили-легковые-с-мощностью-двигателя--свыше-250-л-с-свыше-183-9-квт,единиц,1316,2316,,,15
tn,2022,3,3,Автомобили легковые с мощностью двигателя:,коэффициент 3,s3--автомобили-легковые-с-мощностью-двигателя--коэффициент-3,единиц,1371,2371,,,16
tn,2022,3,2,,Мотоциклы и мотороллеры с мощностью двигателя:,s3--мотоциклы-и-мотороллеры-с-мощностью-двигателя,единиц,1321,2321,,,17
tn,2022,3,3,Мотоциклы и мотороллеры с мощностью двигателя:,"до 20 л.с. (до 14,7 кВт) включительно",s3--до-20-л-с-до-14-7-квт-включительно,единиц,1322,2322,,,18
tn,2022,3,3,Мотоциклы и мотороллеры с мощностью двигателя:,"свыше 20 л.с. до 35 л.с. (свыше 14,7 кВт до 25,74 кВт) включительно",s3--свыше-20-л-с-до-35-л-с-свыше-14-7-квт-до-25-74-квт-включительно,единиц,1323,2323,,,19
tn,2022,3,3,Мотоциклы и мотороллеры с мощностью двигателя:,"свыше 35 л.с. (свыше 25,74 кВт)",s3--мотоциклы-и-мотороллеры-с-мощностью-двигателя--свыше-35-л-с-свыше-25-74-квт,единиц,1324,2324,,,20
tn,2022,3,2,,Автобусы с мощностью двигателя:,s3--автобусы-с-мощностью-двигателя,единиц,1325,2325,,,21
tn,2022,3,3,Автобусы с мощностью двигателя:,"до 200 л.с. (до 147,1 кВт) включительно",s3--до-200-л-с-до-147-1-квт-включительно,единиц,1326,2326,,,22
tn,2022,3,3,Автобусы с мощностью двигателя:,"свыше 200 л.с. (свыше 147,1 кВт)",s3--свыше-200-л-с-свыше-147-1-квт,единиц,1327,2327,,,23
tn,2022,3,2,,Автомобили грузовые с мощностью двигателя:,s3--автомобили-грузовые-с-мощностью-двигателя,единиц,1328,2328,,,24
tn,2022,3,3,Автомобили грузовые с мощностью двигателя:,"до 100 л.с. (до 73,55 кВт) включительно",s3--автомобили-грузовые-с-мощностью-двигателя--до-100-л-с-до-73-55-квт-включительно,единиц,1329,2329,,,25
tn,2022,3,1,,"свыше 100 л.с. до 150 л.с. (свыше 73,55 кВт до 110,33 кВт) включительно",s3--свыше-100-л-с-до-150-л-с-свыше-73-55-квт-до-110-33-квт-включительно,единиц,1330,2330,,,26
tn,2022,3,1,,"свыше 150 л.с. до 200 л.с. (свыше 110,33 кВт до 147,1 кВт) включительно",s3--свыше-150-л-с-до-200-л-с-свыше-110-33-квт-до-147-1-квт-включительно,единиц,1331,2331,,,27
tn,2022,3,1,,"свыше 200 л.с. до 250 л.с. (свыше 147,1 кВт до 183,9 кВт) включительно",s3--свыше-200-л-с-до-250-л-с-свыше-147-1-квт-до-183-9-квт-включительно,единиц,1332,2332,,,28
tn,2022,3,1,,"свыше 250 л.с. (свыше 183,9 кВт)",s3--свыше-250-л-с-свыше-183-9-квт,единиц,1333,2333,,,29
tn,2022,3,2,,"Другие самоходные транспортные средства, машины и механизмы на пневматическом и гусеничном ходу",s3--другие-самоходные-транспортные-средства-машины-и-механизмы-на-пневматическом-и-гусеничном-ходу,единиц,1334,2334,,,30
tn,2022,3,2,,"Снегоходы, мотосани с мощностью двигателя:",s3--снегоходы-мотосани-с-мощностью-двигателя,единиц,1335,2335,,,31
tn,2022,3,3,"Снегоходы, мотосани с мощностью двигателя:","до 50 л.с. (до 36,77 кВт) включительно",s3--до-50-л-с-до-36-77-квт-включительно,единиц,1336,2336,,,32
tn,2022,3,3,"Снегоходы, мотосани с мощностью двигателя:","свыше 50 л.с. (свыше 36,77 кВт)",s3--свыше-50-л-с-свыше-36-77-квт,единиц,1337,2337,,,33
tn,2022,3,3,"Снегоходы, мотосани с мощностью двигателя:",из них зарегистрированных в подразделениях Госавтоинспекции МВД России,s3--снегоходы-мотосани-с-мощностью-двигателя--из-них-зарегистрированных-в-подразделениях-госавтоинспекции-мвд-россии,единиц,1338,2338,,,34
tn,2022,3,1,,водных транспортных средств,s3--водных-транспортных-средств,единиц,1350,2340,,,35
tn,2022,3,2,,"Катера, моторные лодки и другие водные транспортные средства с мощностью двигателя:",s3--катера-моторные-лодки-и-другие-водные-транспортные-средства-с-мощностью-двигателя,единиц,1351,2341,,,36
tn,2022,3,3,"Катера, моторные лодки и другие водные транспортные средства с мощностью двигателя:","до 100 л.с. (до 73,55 кВт) включительно",s3--катера-моторные-лодки-и-другие-водные-транспортные-средства-с-мощностью-двигателя--до-100-л-с-до-73-55-квт-включительно,единиц,1352,2342,,,37
tn,2022,3,3,"Катера, моторные лодки и другие водные транспортные средства с мощностью двигателя:","свыше 100 л.с. (свыше 73,55 кВт)",s3--катера-моторные-лодки-и-другие-водные-транспортные-средства-с-мощностью-двигателя--свыше-100-л-с-свыше-73-55-квт,единиц,1353,2343,,,38
tn,2022,3,2,,Яхты и другие парусно - моторные суда с мощностью двигателя:,s3--яхты-и-другие-парусно-моторные-суда-с-мощностью-двигателя,единиц,1354,2344,,,39
tn,2022,3,3,Яхты и другие парусно - моторные суда с мощностью двигателя:,"до 100 л.с. (до 73,55 кВт) включительно",s3--яхты-и-другие-парусно-моторные-суда-с-мощностью-двигателя--до-100-л-с-до-73-55-квт-включительно,единиц,1355,2345,,,40
tn,2022,3,3,Яхты и другие парусно - моторные суда с мощностью двигателя:,"свыше 100 л.с. (свыше 73,55 кВт)",s3--яхты-и-другие-парусно-моторные-суда-с-мощностью-двигателя--свыше-100-л-с-свыше-73-55-квт,единиц,1356,2346,,,41
tn,2022,3,2,,Гидроциклы с мощностью двигателя:,s3--гидроциклы-с-мощностью-двигателя,единиц,1357,2347,,,42
tn,2022,3,3,Гидроциклы с мощностью двигателя:,"до 100 л.с. (до 73,55 кВт) включительно",s3--гидроциклы-с-мощностью-двигателя--до-100-л-с-до-73-55-квт-включительно,единиц,1358,2348,,,43
tn,2022,3,3,Гидроциклы с мощностью двигателя:,"свыше 100 л.с. (свыше 73,55 кВт)",s3--гидроциклы-с-мощностью-двигателя--свыше-100-л-с-свыше-73-55-квт,единиц,1359,2349,,,44
tn,2022,3,2,,"Несамоходные (буксируемые) суда, для которых определяется валовая вместимость (с каждой регистровой тонны валовой вместимости)",s3--несамоходные-буксируемые-суда-для-которых-определяется-валовая-вместимость-с-каждои-регистровои-тонны-валовои-вместимости,единиц,1360,2350,,,45
tn,2022,3,1,,воздушных транспортных средств,s3--воздушных-транспортных-средств,единиц,1370,2360,,,46
tn,2022,4,0,,"Сумма налога, подлежащая уплате в бюджет - всего, тыс. руб.., в том числе:",s4--сумма-налога-подлежащая-уплате-в-бюджет-всего-тыс-руб-в-том-числе,тыс. руб.,1400,2400,,,47
tn,2022,4,1,,по наземным транспортным средствам,s4--по-наземным-транспортным-средствам,тыс. руб.,1410,2410,,,48
tn,2022,4,2,,Автомобили легковые с мощностью двигателя:,s4--автомобили-легковые-с-мощностью-двигателя,тыс. руб.,1411,2411,,,49
tn,2022,4,3,Автомобили легковые с мощностью двигателя:,"до 100 л.с. (до 73,55 кВт) включительно",s4--автомобили-легковые-с-мощностью-двигателя--до-100-л-с-до-73-55-квт-включительно,тыс. руб.,1412,2412,,,50
tn,2022,4,3,Автомобили легковые с мощностью двигателя:,"свыше 100 л.с. до 150 л.с. (свыше 73,55 кВт до 110,33 кВт) включительно",s4--автомобили-легковые-с-мощностью-двигателя--свыше-100-л-с-до-150-л-с-свыше-73-55-квт-до-110-33-квт-включительно,тыс. руб.,1413,2413,,,51
tn,2022,4,3,Автомобили легковые с мощностью двигателя:,"свыше 150 л.с. до 200 л.с. (свыше 110,33 кВт до 147,1 кВт) включительно",s4--автомобили-легковые-с-мощностью-двигателя--свыше-150-л-с-до-200-л-с-свыше-110-33-квт-до-147-1-квт-включительно,тыс. руб.,1414,2414,,,52
tn,2022,4,3,Автомобили легковые с мощностью двигателя:,"свыше 200 л.с. до 250 л.с. (свыше 147,1 кВт до 183,9 кВт) включительно",s4--автомобили-легковые-с-мощностью-двигателя--свыше-200-л-с-до-250-л-с-свыше-147-1-квт-до-183-9-квт-включительно,тыс. руб.,1415,2415,,,53
tn,2022,4,3,Автомобили легковые с мощностью двигателя:,"свыше 250 л.с. (свыше 183,9 кВт)",s4--автомобили-легковые-с-мощностью-двигателя--свыше-250-л-с-свыше-183-9-квт,тыс. руб.,1416,2416,,,54
tn,2022,4,3,Автомобили легковые с мощностью двигателя:,коэффициент 3,s4--автомобили-легковые-с-мощностью-двигателя--коэффициент-3,тыс. руб.,1417,2417,,,55
tn,2022,4,2,,Мотоциклы и мотороллеры с мощностью двигателя:,s4--мотоциклы-и-мотороллеры-с-мощностью-двигателя,тыс. руб.,1421,2421,,,56
tn,2022,4,3,Мотоциклы и мотороллеры с мощностью двигателя:,"до 20 л.с. (до 14,7 кВт) включительно",s4--до-20-л-с-до-14-7-квт-включительно,тыс. руб.,1422,2422,,,57
tn,2022,4,3,Мотоциклы и мотороллеры с мощностью двигателя:,"свыше 20 л.с. до 35 л.с. (свыше 14,7 кВт до 25,74 кВт) включительно",s4--свыше-20-л-с-до-35-л-с-свыше-14-7-квт-до-25-74-квт-включительно,тыс. руб.,1423,2423,,,58
tn,2022,4,3,Мотоциклы и мотороллеры с мощностью двигателя:,"свыше 35 л.с. (свыше 25,74 кВт)",s4--мотоциклы-и-мотороллеры-с-мощностью-двигателя--свыше-35-л-с-свыше-25-74-квт,тыс. руб.,1424,2424,,,59
tn,2022,4,2,,Автобусы с мощностью двигателя:,s4--автобусы-с-мощностью-двигателя,тыс. руб.,1425,2425,,,60
tn,2022,4,3,Автобусы с мощностью двигателя:,"до 200 л.с. (до 147,1 кВт) включительно",s4--до-200-л-с-до-147-1-квт-включительно,тыс. руб.,1426,2426,,,61
tn,2022,4,3,Автобусы с мощностью двигателя:,"свыше 200 л.с. (свыше 147,1 кВт)",s4--свыше-200-л-с-свыше-147-1-квт,тыс. руб.,1427,2427,,,62
tn,2022,4,2,,Автомобили грузовые с мощностью двигателя:,s4--автомобили-грузовые-с-мощностью-двигателя,тыс. руб.,1428,2428,,,63
tn,2022,4,3,Автомобили грузовые с мощностью двигателя:,"до 100 л.с. (до 73,55 кВт) включительно",s4--автомобили-грузовые-с-мощностью-двигателя--до-100-л-с-до-73-55-квт-включительно,тыс. руб.,1429,2429,,,64
tn,2022,4,1,,"свыше 100 л.с. до 150 л.с. (свыше 73,55 кВт до 110,33 кВт) включительно",s4--свыше-100-л-с-до-150-л-с-свыше-73-55-квт-до-110-33-квт-включительно,тыс. руб.,1430,2430,,,65
tn,2022,4,1,,"свыше 150 л.с. до 200 л.с. (свыше 110,33 кВт до 147,1 кВт) включительно",s4--свыше-150-л-с-до-200-л-с-свыше-110-33-квт-до-147-1-квт-включительно,тыс. руб.,1431,2431,,,66
tn,2022,4,1,,"свыше 200 л.с. до 250 л.с. (свыше 147,1 кВт до 183,9 кВт) включительно",s4--свыше-200-л-с-до-250-л-с-свыше-147-1-квт-до-183-9-квт-включительно,тыс. руб.,1432,2432,,,67
tn,2022,4,1,,"свыше 250 л.с. (свыше 183,9 кВт)",s4--свыше-250-л-с-свыше-183-9-квт,тыс. руб.,1433,2433,,,68
tn,2022,4,2,,"Другие самоходные транспортные средства, машины и механизмы на пневматическом и гусеничном ходу",s4--другие-самоходные-транспортные-средства-машины-и-механизмы-на-пневматическом-и-гусеничном-ходу,тыс. руб.,1434,2434,,,69
tn,2022,4,2,,"Снегоходы, мотосани с мощностью двигателя:",s4--снегоходы-мотосани-с-мощностью-двигателя,тыс. руб.,1435,2435,,,70
tn,2022,4,3,"Снегоходы, мотосани с мощностью двигателя:","до 50 л.с. (до 36,77 кВт) включительно",s4--до-50-л-с-до-36-77-квт-включительно,тыс. руб.,1436,2436,,,71
tn,2022,4,3,"Снегоходы, мотосани с мощностью двигателя:","свыше 50 л.с. (свыше 36,77 кВт)",s4--свыше-50-л-с-свыше-36-77-квт,тыс. руб.,1437,2437,,,72
tn,2022,4,3,"Снегоходы, мотосани с мощностью двигателя:",из них зарегистрированных в подразделениях Госавтоинспекции МВД России,s4--снегоходы-мотосани-с-мощностью-двигателя--из-них-зарегистрированных-в-подразделениях-госавтоинспекции-мвд-россии,тыс. руб.,1438,2438,,,73
tn,2022,4,1,,по водным транспортным средствам,s4--по-водным-транспортным-средствам,тыс. руб.,1450,2440,,,74
tn,2022,4,2,,"Катера, моторные лодки и другие водные транспортные средства с мощностью двигателя:",s4--катера-моторные-лодки-и-другие-водные-транспортные-средства-с-мощностью-двигателя,тыс. руб.,1451,2441,,,75
tn,2022,4,3,"Катера, моторные лодки и другие водные транспортные средства с мощностью двигателя:","до 100 л.с. (до 73,55 кВт) включительно",s4--катера-моторные-лодки-и-другие-водные-транспортные-средства-с-мощностью-двигателя--до-100-л-с-до-73-55-квт-включительно,тыс. руб.,1452,2442,,,76
tn,2022,4,3,"Катера, моторные лодки и другие водные транспортные средства с мощностью двигателя:","свыше 100 л.с. (свыше 73,55 кВт)",s4--катера-моторные-лодки-и-другие-водные-транспортные-средства-с-мощностью-двигателя--свыше-100-л-с-свыше-73-55-квт,тыс. руб.,1453,2443,,,77
tn,2022,4,2,,Яхты и другие парусно - моторные суда с мощностью двигателя:,s4--яхты-и-другие-парусно-моторные-суда-с-мощностью-двигателя,тыс. руб.,1454,2444,,,78
tn,2022,4,3,Яхты и другие парусно - моторные суда с мощностью двигателя:,"до 100 л.с. (до 73,55 кВт) включительно",s4--яхты-и-другие-парусно-моторные-суда-с-мощностью-двигателя--до-100-л-с-до-73-55-квт-включительно,тыс. руб.,1455,2445,,,79
tn,2022,4,3,Яхты и другие парусно - моторные суда с мощностью двигателя:,"свыше 100 л.с. (свыше 73,55 кВт)",s4--яхты-и-другие-парусно-моторные-суда-с-мощностью-двигателя--свыше-100-л-с-свыше-73-55-квт,тыс. руб.,1456,2446,,,80
tn,2022,4,2,,Гидроциклы с мощностью двигателя:,s4--гидроциклы-с-мощностью-двигателя,тыс. руб.,1457,2447,,,81
tn,2022,4,3,Гидроциклы с мощностью двигателя:,"до 100 л.с. (до 73,55 кВт) включительно",s4--гидроциклы-с-мощностью-двигателя--до-100-л-с-до-73-55-квт-включительно,тыс. руб.,1458,2448,,,82
tn,2022,4,3,Гидроциклы с мощностью двигателя:,"свыше 100 л.с. (свыше 73,55 кВт)",s4--гидроциклы-с-мощностью-двигателя--свыше-100-л-с-свыше-73-55-квт,тыс. руб.,1459,2449,,,83
tn,2022,4,2,,"Несамоходные (буксируемые) суда, для которых определяется валовая вместимость (с каждой регистровой тонны валовой вместимости)",s4--несамоходные-буксируемые-суда-для-которых-определяется-валовая-вместимость-с-каждои-регистровои-тонны-валовои-вместимости,тыс. руб.,1460,2450,,,84
tn,2022,4,1,,по воздушным транспортным средствам,s4--по-воздушным-транспортным-средствам,тыс. руб.,1470,2460,,,85
tn,2022,5,0,,"Сумма налога, не поступившая в бюджет в связи с предоставлением налогоплательщикам налоговых льгот, в том числе:",s5--сумма-налога-не-поступившая-в-бюджет-в-связи-с-предоставлением-налогоплательщикам-налоговых-льгот-в-том-числе,тыс. руб.,1500,2500,,,86
tn,2023,1,0,,"Количество налогоплательщиков, которым(и) начислен налог к уплате в бюджет, единиц",s1--количество-налогоплательщиков-которым-и-начислен-налог-к-уплате-в-бюджет-единиц,единиц,1100,2100,,,1
tn,2023,1,1,,которым исчислен налог и не предоставлены налоговые льготы,s1--которым-исчислен-налог-и-не-предоставлены-налоговые-льготы,единиц,1110,2110,,,2
tn,2023,1,1,,которым предоставлены налоговые льготы,s1--которым-предоставлены-налоговые-льготы,единиц,1120,2120,,,3
tn,2023,2,0,,"Количество транспортных средств в базе данных налогового органа - всего, единиц, в том числе:",s2--количество-транспортных-средств-в-базе-данных-налогового-органа-всего-единиц-в-том-числе,единиц,1200,2200,,,4
tn,2023,2,1,,наземных транспортных средств,s2--наземных-транспортных-средств,единиц,1210,2210,,,5
tn,2023,2,1,,водных транспортных средств,s2--водных-транспортных-средств,единиц,1220,2220,,,6
tn,2023,2,1,,воздушных транспортных средств,s2--воздушных-транспортных-средств,единиц,1230,2230,,,7
tn,2023,3,0,,"Количество транспортных средств, по которым начислен налог к уплате в бюджет - всего, единиц, в том числе:",s3--количество-транспортных-средств-по-которым-начислен-налог-к-уплате-в-бюджет-всего-единиц-в-том-числе,единиц,1300,2300,,,8
tn,2023,3,1,,наземных транспортных средств,s3--наземных-транспортных-средств,единиц,1310,2310,,,9
tn,2023,3,2,,Автомобили легковые с мощностью двигателя:,s3--автомобили-легковые-с-мощностью-двигателя,единиц,1311,2311,,,10
tn,2023,3,3,Автомобили легковые с мощностью двигателя:,"до 100 л.с. (до 73,55 кВт) включительно",s3--автомобили-легковые-с-мощностью-двигателя--до-100-л-с-до-73-55-квт-включительно,единиц,1312,2312,,,11
tn,2023,3,3,Автомобили легковые с мощностью двигателя:,"свыше 100 л.с. до 150 л.с. (свыше 73,55 кВт до 110,33 кВт) включительно",s3--автомобили-легковые-с-мощностью-двигателя--свыше-100-л-с-до-150-л-с-свыше-73-55-квт-до-110-33-квт-включительно,единиц,1313,2313,,,12
tn,2023,3,3,Автомобили легковые с мощностью двигателя:,"свыше 150 л.с. до 200 л.с. (свыше 110,33 кВт до 147,1 кВт) включительно",s3--автомобили-легковые-с-мощностью-двигателя--свыше-150-л-с-до-200-л-с-свыше-110-33-квт-до-147-1-квт-включительно,единиц,1314,2314,,,13
tn,2023,3,3,Автомобили легковые с мощностью двигателя:,"свыше 200 л.с. до 250 л.с. (свыше 147,1 кВт до 183,9 кВт) включительно",s3--автомобили-легковые-с-мощностью-двигателя--свыше-200-л-с-до-250-л-с-свыше-147-1-квт-до-183-9-квт-включительно,единиц,1315,2315,,,14
tn,2023,3,3,Автомобили легковые с мощностью двигателя:,"свыше 250 л.с. (свыше 183,9 кВт)",s3--автомобили-легковые-с-мощностью-двигателя--свыше-250-л-с-свыше-183-9-квт,единиц,1316,2316,,,15
tn,2023,3,3,Автомобили легковые с мощностью двигателя:,коэффициент 3,s3--автомобили-легковые-с-мощностью-двигателя--коэффициент-3,единиц,1371,2371,,,16
tn,2023,3,2,,Мотоциклы и мотороллеры с мощностью двигателя:,s3--мотоциклы-и-мотороллеры-с-мощностью-двигателя,единиц,1321,2321,,,17
tn,2023,3,3,Мотоциклы и мотороллеры с мощностью двигателя:,"до 20 л.с. (до 14,7 кВт) включительно",s3--до-20-л-с-до-14-7-квт-включительно,единиц,1322,2322,,,18
tn,2023,3,3,Мотоциклы и мотороллеры с мощностью двигателя:,"свыше 20 л.с. до 35 л.с. (свыше 14,7 кВт до 25,74 кВт) включительно",s3--свыше-20-л-с-до-35-л-с-свыше-14-7-квт-до-25-74-квт-включительно,единиц,1323,2323,,,19
tn,2023,3,3,Мотоциклы и мотороллеры с мощностью двигателя:,"свыше 35 л.с. (свыше 25,74 кВт)",s3--мотоциклы-и-мотороллеры-с-мощностью-двигателя--свыше-35-л-с-свыше-25-74-квт,единиц,1324,2324,,,20
tn,2023,3,2,,Автобусы с мощностью двигателя:,s3--автобусы-с-мощностью-двигателя,единиц,1325,2325,,,21
tn,2023,3,3,Автобусы с мощностью двигателя:,"до 200 л.с. (до 147,1 кВт) включительно",s3--до-200-л-с-до-147-1-квт-включительно,единиц,1326,2326,,,22
tn,2023,3,3,Автобусы с мощностью двигателя:,"свыше 200 л.с. (свыше 147,1 кВт)",s3--свыше-200-л-с-свыше-147-1-квт,единиц,1327,2327,,,23
tn,2023,3,2,,Автомобили грузовые с мощностью двигателя:,s3--автомобили-грузовые-с-мощностью-двигателя,единиц,1328,2328,,,24
tn,2023,3,3,Автомобили грузовые с мощностью двигателя:,"до 100 л.с. (до 73,55 кВт) включительно",s3--автомобили-грузовые-с-мощностью-двигателя--до-100-л-с-до-73-55-квт-включительно,единиц,1329,2329,,,25
tn,2023,3,1,,"свыше 100 л.с. до 150 л.с. (свыше 73,55 кВт до 110,33 кВт) включительно",s3--свыше-100-л-с-до-150-л-с-свыше-73-55-квт-до-110-33-квт-включительно,единиц,1330,2330,,,26
tn,2023,3,1,,"свыше 150 л.с. до 200 л.с. (свыше 110,33 кВт до 147,1 кВт) включительно",s3--свыше-150-л-с-до-200-л-с-свыше-110-33-квт-до-147-1-квт-включительно,единиц,1331,2331,,,27
tn,2023,3,1,,"свыше 200 л.с. до 250 л.с. (свыше 147,1 кВт до 183,9 кВт) включительно",s3--свыше-200-л-с-до-250-л-с-свыше-147-1-квт-до-183-9-квт-включительно,единиц,1332,2332,,,28
tn,2023,3,1,,"свыше 250 л.с. (свыше 183,9 кВт)",s3--свыше-250-л-с-свыше-183-9-квт,единиц,1333,2333,,,29
tn,2023,3,2,,"Другие самоходные транспортные средства, машины и механизмы на пневматическом и гусеничном ходу",s3--другие-самоходные-транспортные-средства-машины-и-механизмы-на-пневматическом-и-гусеничном-ходу,единиц,1334,2334,,,30
tn,2023,3,2,,"Снегоходы, мотосани с мощностью двигателя:",s3--снегоходы-мотосани-с-мощностью-двигателя,единиц,1335,2335,,,31
tn,2023,3,3,"Снегоходы, мотосани с мощностью двигателя:","до 50 л.с. (до 36,77 кВт) включительно",s3--до-50-л-с-до-36-77-квт-включительно,единиц,1336,2336,,,32
tn,2023,3,3,"Снегоходы, мотосани с мощностью двигателя:","свыше 50 л.с. (свыше 36,77 кВт)",s3--свыше-50-л-с-свыше-36-77-квт,единиц,1337,2337,,,33
tn,2023,3,3,"Снегоходы, мотосани с мощностью двигателя:",из них зарегистрированных в подразделениях Госавтоинспекции МВД России,s3--снегоходы-мотосани-с-мощностью-двигателя--из-них-зарегистрированных-в-подразделениях-госавтоинспекции-мвд-россии,единиц,1338,2338,,,34
tn,2023,3,1,,водных транспортных средств,s3--водных-транспортных-средств,единиц,1350,2340,,,35
tn,2023,3,2,,"Катера, моторные лодки и другие водные транспортные средства с мощностью двигателя:",s3--катера-моторные-лодки-и-другие-водные-транспортные-средства-с-мощностью-двигателя,единиц,1351,2341,,,36
tn,2023,3,3,"Катера, моторные лодки и другие водные транспортные средства с мощностью двигателя:","до 100 л.с. (до 73,55 кВт) включительно",s3--катера-моторные-лодки-и-другие-водные-транспортные-средства-с-мощностью-двигателя--до-100-л-с-до-73-55-квт-включительно,единиц,1352,2342,,,37
tn,2023,3,3,"Катера, моторные лодки и другие водные транспортные средства с мощностью двигателя:","свыше 100 л.с. (свыше 73,55 кВт)",s3--катера-моторные-лодки-и-другие-водные-транспортные-средства-с-мощностью-двигателя--свыше-100-л-с-свыше-73-55-квт,единиц,1353,2343,,,38
tn,2023,3,2,,Яхты и другие парусно - моторные суда с мощностью двигателя:,s3--яхты-и-другие-парусно-моторные-суда-с-мощностью-двигателя,единиц,1354,2344,,,39
tn,2023,3,3,Яхты и другие парусно - моторные суда с мощностью двигателя:,"до 100 л.с. (до 73,55 кВт) включительно",s3--яхты-и-другие-парусно-моторные-суда-с-мощностью-двигателя--до-100-л-с-до-73-55-квт-включительно,единиц,1355,2345,,,40
tn,2023,3,3,Яхты и другие парусно - моторные суда с мощностью двигателя:,"свыше 100 л.с. (свыше 73,55 кВт)",s3--яхты-и-другие-парусно-моторные-суда-с-мощностью-двигателя--свыше-100-л-с-свыше-73-55-квт,единиц,1356,2346,,,41
tn,2023,3,2,,Гидроциклы с мощностью двигателя:,s3--гидроциклы-с-мощностью-двигателя,единиц,1357,2347,,,42
tn,2023,3,3,Гидроциклы с мощностью двигателя:,"до 100 л.с. (до 73,55 кВт) включительно",s3--гидроциклы-с-мощностью-двигателя--до-100-л-с-до-73-55-квт-включительно,единиц,1358,2348,,,43
tn,2023,3,3,Гидроциклы с мощностью двигателя:,"свыше 100 л.с. (свыше 73,55 кВт)",s3--гидроциклы-с-мощностью-двигателя--свыше-100-л-с-свыше-73-55-квт,единиц,1359,2349,,,44
tn,2023,3,2,,"Несамоходные (буксируемые) суда, для которых определяется валовая вместимость (с каждой регистровой тонны валовой вместимости)",s3--несамоходные-буксируемые-суда-для-которых-определяется-валовая-вместимость-с-каждои-регистровои-тонны-валовои-вместимости,единиц,1360,2350,,,45
tn,2023,3,1,,воздушных транспортных средств,s3--воздушных-транспортных-средств,единиц,1370,2360,,,46
tn,2023,4,0,,"Сумма налога, подлежащая уплате в бюджет - всего, тыс. руб.., в том числе:",s4--сумма-налога-подлежащая-уплате-в-бюджет-всего-тыс-руб-в-том-числе,тыс. руб.,1400,2400,,,47
tn,2023,4,1,,по наземным транспортным средствам,s4--по-наземным-транспортным-средствам,тыс. руб.,1410,2410,,,48
tn,2023,4,2,,Автомобили легковые с мощностью двигателя:,s4--автомобили-легковые-с-мощностью-двигателя,тыс. руб.,1411,2411,,,49
tn,2023,4,3,Автомобили легковые с мощностью двигателя:,"до 100 л.с. (до 73,55 кВт) включительно",s4--автомобили-легковые-с-мощностью-двигателя--до-100-л-с-до-73-55-квт-включительно,тыс. руб.,1412,2412,,,50
tn,2023,4,3,Автомобили легковые с мощностью двигателя:,"свыше 100 л.с. до 150 л.с. (свыше 73,55 кВт до 110,33 кВт) включительно",s4--автомобили-легковые-с-мощностью-двигателя--свыше-100-л-с-до-150-л-с-свыше-73-55-квт-до-110-33-квт-включительно,тыс. руб.,1413,2413,,,51
tn,2023,4,3,Автомобили легковые с мощностью двигателя:,"свыше 150 л.с. до 200 л.с. (свыше 110,33 кВт до 147,1 кВт) включительно",s4--автомобили-легковые-с-мощностью-двигателя--свыше-150-л-с-до-200-л-с-свыше-110-33-квт-до-147-1-квт-включительно,тыс. руб.,1414,2414,,,52
tn,2023,4,3,Автомобили легковые с мощностью двигателя:,"свыше 200 л.с. до 250 л.с. (свыше 147,1 кВт до 183,9 кВт) включительно",s4--автомобили-легковые-с-мощностью-двигателя--свыше-200-л-с-до-250-л-с-свыше-147-1-квт-до-183-9-квт-включительно,тыс. руб.,1415,2415,,,53
tn,2023,4,3,Автомобили легковые с мощностью двигателя:,"свыше 250 л.с. (свыше 183,9 кВт)",s4--автомобили-легковые-с-мощностью-двигателя--свыше-250-л-с-свыше-183-9-квт,тыс. руб.,1416,2416,,,54
tn,2023,4,3,Автомобили легковые с мощностью двигателя:,коэффициент 3,s4--автомобили-легковые-с-мощностью-двигателя--коэффициент-3,тыс. руб.,1417,2417,,,55
tn,2023,4,2,,Мотоциклы и мотороллеры с мощностью двигателя:,s4--мотоциклы-и-мотороллеры-с-мощностью-двигателя,тыс. руб.,1421,2421,,,56
tn,2023,4,3,Мотоциклы и мотороллеры с мощностью двигателя:,"до 20 л.с. (до 14,7 кВт) включительно",s4--до-20-л-с-до-14-7-квт-включительно,тыс. руб.,1422,2422,,,57
tn,2023,4,3,Мотоциклы и мотороллеры с мощностью двигателя:,"свыше 20 л.с. до 35 л.с. (свыше 14,7 кВт до 25,74 кВт) включительно",s4--свыше-20-л-с-до-35-л-с-свыше-14-7-квт-до-25-74-квт-включительно,тыс. руб.,1423,2423,,,58
tn,2023,4,3,Мотоциклы и мотороллеры с мощностью двигателя:,"свыше 35 л.с. (свыше 25,74 кВт)",s4--мотоциклы-и-мотороллеры-с-мощностью-двигателя--свыше-35-л-с-свыше-25-74-квт,тыс. руб.,1424,2424,,,59
tn,2023,4,2,,Автобусы с мощностью двигателя:,s4--автобусы-с-мощностью-двигателя,тыс. руб.,1425,2425,,,60
tn,2023,4,3,Автобусы с мощностью двигателя:,"до 200 л.с. (до 147,1 кВт) включительно",s4--до-200-л-с-до-147-1-квт-включительно,тыс. руб.,1426,2426,,,61
tn,2023,4,3,Автобусы с мощностью двигателя:,"свыше 200 л.с. (свыше 147,1 кВт)",s4--свыше-200-л-с-свыше-147-1-квт,тыс. руб.,1427,2427,,,62
tn,2023,4,2,,Автомобили грузовые с мощностью двигателя:,s4--автомобили-грузовые-с-мощностью-двигателя,тыс. руб.,1428,2428,,,63
tn,2023,4,3,Автомобили грузовые с мощностью двигателя:,"до 100 л.с. (до 73,55 кВт) включительно",s4--автомобили-грузовые-с-мощностью-двигателя--до-100-л-с-до-73-55-квт-включительно,тыс. руб.,1429,2429,,,64
tn,2023,4,1,,"свыше 100 л.с. до 150 л.с. (свыше 73,55 кВт до 110,33 кВт) включительно",s4--свыше-100-л-с-до-150-л-с-свыше-73-55-квт-до-110-33-квт-включительно,тыс. руб.,1430,2430,,,65
tn,2023,4,1,,"свыше 150 л.с. до 200 л.с. (свыше 110,33 кВт до 147,1 кВт) включительно",s4--свыше-150-л-с-до-200-л-с-свыше-110-33-квт-до-147-1-квт-включительно,тыс. руб.,1431,2431,,,66
tn,2023,4,1,,"свыше 200 л.с. до 250 л.с. (свыше 147,1 кВт до 183,9 кВт) включительно",s4--свыше-200-л-с-до-250-л-с-свыше-147-1-квт-до-183-9-квт-включительно,тыс. руб.,1432,2432,,,67
tn,2023,4,1,,"свыше 250 л.с. (свыше 183,9 кВт)",s4--свыше-250-л-с-свыше-183-9-квт,тыс. руб.,1433,2433,,,68
tn,2023,4,2,,"Другие самоходные транспортные средства, машины и механизмы на пневматическом и гусеничном ходу",s4--другие-самоходные-транспортные-средства-машины-и-механизмы-на-пневматическом-и-гусеничном-ходу,тыс. руб.,1434,2434,,,69
tn,2023,4,2,,"Снегоходы, мотосани с мощностью двигателя:",s4--снегоходы-мотосани-с-мощностью-двигателя,тыс. руб.,1435,2435,,,70
tn,2023,4,3,"Снегоходы, мотосани с мощностью двигателя:","до 50 л.с. (до 36,77 кВт) включительно",s4--до-50-л-с-до-36-77-квт-включительно,тыс. руб.,1436,2436,,,71
tn,2023,4,3,"Снегоходы, мотосани с мощностью двигателя:","свыше 50 л.с. (свыше 36,77 кВт)",s4--свыше-50-л-с-свыше-36-77-квт,тыс. руб.,1437,2437,,,72
tn,2023,4,3,"Снегоходы, мотосани с мощностью двигателя:",из них зарегистрированных в подразделениях Госавтоинспекции МВД России,s4--снегоходы-мотосани-с-мощностью-двигателя--из-них-зарегистрированных-в-подразделениях-госавтоинспекции-мвд-россии,тыс. руб.,1438,2438,,,73
tn,2023,4,1,,по водным транспортным средствам,s4--по-водным-транспортным-средствам,тыс. руб.,1450,2440,,,74
tn,2023,4,2,,"Катера, моторные лодки и другие водные транспортные средства с мощностью двигателя:",s4--катера-моторные-лодки-и-другие-водные-транспортные-средства-с-мощностью-двигателя,тыс. руб.,1451,2441,,,75
tn,2023,4,3,"Катера, моторные лодки и другие водные транспортные средства с мощностью двигателя:","до 100 л.с. (до 73,55 кВт) включительно",s4--катера-моторные-лодки-и-другие-водные-транспортные-средства-с-мощностью-двигателя--до-100-л-с-до-73-55-квт-включительно,тыс. руб.,1452,2442,,,76
tn,2023,4,3,"Катера, моторные лодки и другие водные транспортные средства с мощностью двигателя:","свыше 100 л.с. (свыше 73,55 кВт)",s4--катера-моторные-лодки-и-другие-водные-транспортные-средства-с-мощностью-двигателя--свыше-100-л-с-свыше-73-55-квт,тыс. руб.,1453,2443,,,77
tn,2023,4,2,,Яхты и другие парусно - моторные суда с мощностью двигателя:,s4--яхты-и-другие-парусно-моторные-суда-с-мощностью-двигателя,тыс. руб.,1454,2444,,,78
tn,2023,4,3,Яхты и другие парусно - моторные суда с мощностью двигателя:,"до 100 л.с. (до 73,55 кВт) включительно",s4--яхты-и-другие-парусно-моторные-суда-с-мощностью-двигателя--до-100-л-с-до-73-55-квт-включительно,тыс. руб.,1455,2445,,,79
tn,2023,4,3,Яхты и другие парусно - моторные суда с мощностью двигателя:,"свыше 100 л.с. (свыше 73,55 кВт)",s4--яхты-и-другие-парусно-моторные-суда-с-мощностью-двигателя--свыше-100-л-с-свыше-73-55-квт,тыс. руб.,1456,2446,,,80
tn,2023,4,2,,Гидроциклы с мощностью двигателя:,s4--гидроциклы-с-мощностью-двигателя,тыс. руб.,1457,2447,,,81
tn,2023,4,3,Гидроциклы с мощностью двигателя:,"до 100 л.с. (до 73,55 кВт) включительно",s4--гидроциклы-с-мощностью-двигателя--до-100-л-с-до-73-55-квт-включительно,тыс. руб.,1458,2448,,,82
tn,2023,4,3,Гидроциклы с мощностью двигателя:,"свыше 100 л.с. (свыше 73,55 кВт)",s4--гидроциклы-с-мощностью-двигателя--свыше-100-л-с-свыше-73-55-квт,тыс. руб.,1459,2449,,,83
tn,2023,4,2,,"Несамоходные (буксируемые) суда, для которых определяется валовая вместимость (с каждой регистровой тонны валовой вместимости)",s4--несамоходные-буксируемые-суда-для-которых-определяется-валовая-вместимость-с-каждои-регистровои-тонны-валовои-вместимости,тыс. руб.,1460,2450,,,84
tn,2023,4,1,,по воздушным транспортным средствам,s4--по-воздушным-транспортным-средствам,тыс. руб.,1470,2460,,,85
tn,2023,5,0,,"Сумма налога, не поступившая в бюджет в связи с предоставлением налогоплательщикам налоговых льгот, в том числе:",s5--сумма-налога-не-поступившая-в-бюджет-в-связи-с-предоставлением-налогоплательщикам-налоговых-льгот-в-том-числе,тыс. руб.,1500,2500,,,86
tn,2024,1,0,,"Количество налогоплательщиков, которым(и) начислен налог к уплате в бюджет, единиц",s1--количество-налогоплательщиков-которым-и-начислен-налог-к-уплате-в-бюджет-единиц,единиц,1100,2100,,,1
tn,2024,1,1,,которым исчислен налог и не предоставлены налоговые льготы,s1--которым-исчислен-налог-и-не-предоставлены-налоговые-льготы,единиц,1110,2110,,,2
tn,2024,1,1,,которым предоставлены налоговые льготы,s1--которым-предоставлены-налоговые-льготы,единиц,1120,2120,,,3
tn,2024,2,0,,"Количество транспортных средств в базе данных налогового органа - всего, единиц, в том числе:",s2--количество-транспортных-средств-в-базе-данных-налогового-органа-всего-единиц-в-том-числе,единиц,1200,2200,,,4
tn,2024,2,1,,наземных транспортных средств,s2--наземных-транспортных-средств,единиц,1210,2210,,,5
tn,2024,2,1,,водных транспортных средств,s2--водных-транспортных-средств,единиц,1220,2220,,,6
tn,2024,2,1,,воздушных транспортных средств,s2--воздушных-транспортных-средств,единиц,1230,2230,,,7
tn,2024,3,0,,"Количество транспортных средств, по которым начислен налог к уплате в бюджет - всего, единиц, в том числе:",s3--количество-транспортных-средств-по-которым-начислен-налог-к-уплате-в-бюджет-всего-единиц-в-том-числе,единиц,1300,2300,,,8
tn,2024,3,1,,наземных транспортных средств,s3--наземных-транспортных-средств,единиц,1310,2310,,,9
tn,2024,3,2,,Автомобили легковые с мощностью двигателя:,s3--автомобили-легковые-с-мощностью-двигателя,единиц,1311,2311,,,10
tn,2024,3,3,Автомобили легковые с мощностью двигателя:,"до 100 л.с. (до 73,55 кВт) включительно",s3--автомобили-легковые-с-мощностью-двигателя--до-100-л-с-до-73-55-квт-включительно,единиц,1312,2312,,,11
tn,2024,3,3,Автомобили легковые с мощностью двигателя:,"свыше 100 л.с. до 150 л.с. (свыше 73,55 кВт до 110,33 кВт) включительно",s3--автомобили-легковые-с-мощностью-двигателя--свыше-100-л-с-до-150-л-с-свыше-73-55-квт-до-110-33-квт-включительно,единиц,1313,2313,,,12
tn,2024,3,3,Автомобили легковые с мощностью двигателя:,"свыше 150 л.с. до 200 л.с. (свыше 110,33 кВт до 147,1 кВт) включительно",s3--автомобили-легковые-с-мощностью-двигателя--свыше-150-л-с-до-200-л-с-свыше-110-33-квт-до-147-1-квт-включительно,единиц,1314,2314,,,13
tn,2024,3,3,Автомобили легковые с мощностью двигателя:,"свыше 200 л.с. до 250 л.с. (свыше 147,1 кВт до 183,9 кВт) включительно",s3--автомобили-легковые-с-мощностью-двигателя--свыше-200-л-с-до-250-л-с-свыше-147-1-квт-до-183-9-квт-включительно,единиц,1315,2315,,,14
tn,2024,3,3,Автомобили легковые с мощностью двигателя:,"свыше 250 л.с. (свыше 183,9 кВт)",s3--автомобили-легковые-с-мощностью-двигателя--свыше-250-л-с-свыше-183-9-квт,единиц,1316,2316,,,15
tn,2024,3,3,Автомобили легковые с мощностью двигателя:,коэффициент 3,s3--автомобили-легковые-с-мощностью-двигателя--коэффициент-3,единиц,1371,2371,,,16
tn,2024,3,2,,Мотоциклы и мотороллеры с мощностью двигателя:,s3--мотоциклы-и-мотороллеры-с-мощностью-двигателя,единиц,1321,2321,,,17
tn,2024,3,3,Мотоциклы и мотороллеры с мощностью двигателя:,"до 20 л.с. (до 14,7 кВт) включительно",s3--до-20-л-с-до-14-7-квт-включительно,единиц,1322,2322,,,18
tn,2024,3,3,Мотоциклы и мотороллеры с мощностью двигателя:,"свыше 20 л.с. до 35 л.с. (свыше 14,7 кВт до 25,74 кВт) включительно",s3--свыше-20-л-с-до-35-л-с-свыше-14-7-квт-до-25-74-квт-включительно,единиц,1323,2323,,,19
tn,2024,3,3,Мотоциклы и мотороллеры с мощностью двигателя:,"свыше 35 л.с. (свыше 25,74 кВт)",s3--мотоциклы-и-мотороллеры-с-мощностью-двигателя--свыше-35-л-с-свыше-25-74-квт,единиц,1324,2324,,,20
tn,2024,3,2,,Автобусы с мощностью двигателя:,s3--автобусы-с-мощностью-двигателя,единиц,1325,2325,,,21
tn,2024,3,3,Автобусы с мощностью двигателя:,"до 200 л.с. (до 147,1 кВт) включительно",s3--до-200-л-с-до-147-1-квт-включительно,единиц,1326,2326,,,22
tn,2024,3,3,Автобусы с мощностью двигателя:,"свыше 200 л.с. (свыше 147,1 кВт)",s3--свыше-200-л-с-свыше-147-1-квт,единиц,1327,2327,,,23
tn,2024,3,2,,Автомобили грузовые с мощностью двигателя:,s3--автомобили-грузовые-с-мощностью-двигателя,единиц,1328,2328,,,24
tn,2024,3,3,Автомобили грузовые с мощностью двигателя:,"до 100 л.с. (до 73,55 кВт) включительно",s3--автомобили-грузовые-с-мощностью-двигателя--до-100-л-с-до-73-55-квт-включительно,единиц,1329,2329,,,25
tn,2024,3,1,,"свыше 100 л.с. до 150 л.с. (свыше 73,55 кВт до 110,33 кВт) включительно",s3--свыше-100-л-с-до-150-л-с-свыше-73-55-квт-до-110-33-квт-включительно,единиц,1330,2330,,,26
tn,2024,3,1,,"свыше 150 л.с. до 200 л.с. (свыше 110,33 кВт до 147,1 кВт) включительно",s3--свыше-150-л-с-до-200-л-с-свыше-110-33-квт-до-147-1-квт-включительно,единиц,1331,2331,,,27
tn,2024,3,1,,"свыше 200 л.с. до 250 л.с. (свыше 147,1 кВт до 183,9 кВт) включительно",s3--свыше-200-л-с-до-250-л-с-свыше-147-1-квт-до-183-9-квт-включительно,единиц,1332,2332,,,28
tn,2024,3,1,,"свыше 250 л.с. (свыше 183,9 кВт)",s3--свыше-250-л-с-свыше-183-9-квт,единиц,1333,2333,,,29
tn,2024,3,2,,"Другие самоходные транспортные средства, машины и механизмы на пневматическом и гусеничном ходу",s3--другие-самоходные-транспортные-средства-машины-и-механизмы-на-пневматическом-и-гусеничном-ходу,единиц,1334,2334,,,30
tn,2024,3,2,,"Снегоходы, мотосани с мощностью двигателя:",s3--снегоходы-мотосани-с-мощностью-двигателя,единиц,1335,2335,,,31
tn,2024,3,3,"Снегоходы, мотосани с мощностью двигателя:","до 50 л.с. (до 36,77 кВт) включительно",s3--до-50-л-с-до-36-77-квт-включительно,единиц,1336,2336,,,32
tn,2024,3,3,"Снегоходы, мотосани с мощностью двигателя:","свыше 50 л.с. (свыше 36,77 кВт)",s3--свыше-50-л-с-свыше-36-77-квт,единиц,1337,2337,,,33
tn,2024,3,3,"Снегоходы, мотосани с мощностью двигателя:",из них зарегистрированных в подразделениях Госавтоинспекции МВД России,s3--снегоходы-мотосани-с-мощностью-двигателя--из-них-зарегистрированных-в-подразделениях-госавтоинспекции-мвд-россии,единиц,1338,2338,,,34
tn,2024,3,1,,водных транспортных средств,s3--водных-транспортных-средств,единиц,1350,2340,,,35
tn,2024,3,2,,"Катера, моторные лодки и другие водные транспортные средства с мощностью двигателя:",s3--катера-моторные-лодки-и-другие-водные-транспортные-средства-с-мощностью-двигателя,единиц,1351,2341,,,36
tn,2024,3,3,"Катера, моторные лодки и другие водные транспортные средства с мощностью двигателя:","до 100 л.с. (до 73,55 кВт) включительно",s3--катера-моторные-лодки-и-другие-водные-транспортные-средства-с-мощностью-двигателя--до-100-л-с-до-73-55-квт-включительно,единиц,1352,2342,,,37
tn,2024,3,3,"Катера, моторные лодки и другие водные транспортные средства с мощностью двигателя:","свыше 100 л.с. (свыше 73,55 кВт)",s3--катера-моторные-лодки-и-другие-водные-транспортные-средства-с-мощностью-двигателя--свыше-100-л-с-свыше-73-55-квт,единиц,1353,2343,,,38
tn,2024,3,2,,Яхты и другие парусно - моторные суда с мощностью двигателя:,s3--яхты-и-другие-парусно-моторные-суда-с-мощностью-двигателя,единиц,1354,2344,,,39
tn,2024,3,3,Яхты и другие парусно - моторные суда с мощностью двигателя:,"до 100 л.с. (до 73,55 кВт) включительно",s3--яхты-и-другие-парусно-моторные-суда-с-мощностью-двигателя--до-100-л-с-до-73-55-квт-включительно,единиц,1355,2345,,,40
tn,2024,3,3,Яхты и другие парусно - моторные суда с мощностью двигателя:,"свыше 100 л.с. (свыше 73,55 кВт)",s3--яхты-и-другие-парусно-моторные-суда-с-мощностью-двигателя--свыше-100-л-с-свыше-73-55-квт,единиц,1356,2346,,,41
tn,2024,3,2,,Гидроциклы с мощностью двигателя:,s3--гидроциклы-с-мощностью-двигателя,единиц,1357,2347,,,42
tn,2024,3,3,Гидроциклы с мощностью двигателя:,"до 100 л.с. (до 73,55 кВт) включительно",s3--гидроциклы-с-мощностью-двигателя--до-100-л-с-до-73-55-квт-включительно,единиц,1358,2348,,,43
tn,2024,3,3,Гидроциклы с мощностью двигателя:,"свыше 100 л.с. (свыше 73,55 кВт)",s3--гидроциклы-с-мощностью-двигателя--свыше-100-л-с-свыше-73-55-квт,единиц,1359,2349,,,44
tn,2024,3,2,,"Несамоходные (буксируемые) суда, для которых определяется валовая вместимость (с каждой регистровой тонны валовой вместимости)",s3--несамоходные-буксируемые-суда-для-которых-определяется-валовая-вместимость-с-каждои-регистровои-тонны-валовои-вместимости,единиц,1360,2350,,,45
tn,2024,3,1,,воздушных транспортных средств,s3--воздушных-транспортных-средств,единиц,1370,2360,,,46
tn,2024,4,0,,"Сумма налога, подлежащая уплате в бюджет - всего, тыс. руб.., в том числе:",s4--сумма-налога-подлежащая-уплате-в-бюджет-всего-тыс-руб-в-том-числе,тыс. руб.,1400,2400,,,47
tn,2024,4,1,,по наземным транспортным средствам,s4--по-наземным-транспортным-средствам,тыс. руб.,1410,2410,,,48
tn,2024,4,2,,Автомобили легковые с мощностью двигателя:,s4--автомобили-легковые-с-мощностью-двигателя,тыс. руб.,1411,2411,,,49
tn,2024,4,3,Автомобили легковые с мощностью двигателя:,"до 100 л.с. (до 73,55 кВт) включительно",s4--автомобили-легковые-с-мощностью-двигателя--до-100-л-с-до-73-55-квт-включительно,тыс. руб.,1412,2412,,,50
tn,2024,4,3,Автомобили легковые с мощностью двигателя:,"свыше 100 л.с. до 150 л.с. (свыше 73,55 кВт до 110,33 кВт) включительно",s4--автомобили-легковые-с-мощностью-двигателя--свыше-100-л-с-до-150-л-с-свыше-73-55-квт-до-110-33-квт-включительно,тыс. руб.,1413,2413,,,51
tn,2024,4,3,Автомобили легковые с мощностью двигателя:,"свыше 150 л.с. до 200 л.с. (свыше 110,33 кВт до 147,1 кВт) включительно",s4--автомобили-легковые-с-мощностью-двигателя--свыше-150-л-с-до-200-л-с-свыше-110-33-квт-до-147-1-квт-включительно,тыс. руб.,1414,2414,,,52
tn,2024,4,3,Автомобили легковые с мощностью двигателя:,"свыше 200 л.с. до 250 л.с. (свыше 147,1 кВт до 183,9 кВт) включительно",s4--автомобили-легковые-с-мощностью-двигателя--свыше-200-л-с-до-250-л-с-свыше-147-1-квт-до-183-9-квт-включительно,тыс. руб.,1415,2415,,,53
tn,2024,4,3,Автомобили легковые с мощностью двигателя:,"свыше 250 л.с. (свыше 183,9 кВт)",s4--автомобили-легковые-с-мощностью-двигателя--свыше-250-л-с-свыше-183-9-квт,тыс. руб.,1416,2416,,,54
tn,2024,4,3,Автомобили легковые с мощностью двигателя:,коэффициент 3,s4--автомобили-легковые-с-мощностью-двигателя--коэффициент-3,тыс. руб.,1417,2417,,,55
tn,2024,4,2,,Мотоциклы и мотороллеры с мощностью двигателя:,s4--мотоциклы-и-мотороллеры-с-мощностью-двигателя,тыс. руб.,1421,2421,,,56
tn,2024,4,3,Мотоциклы и мотороллеры с мощностью двигателя:,"до 20 л.с. (до 14,7 кВт) включительно",s4--до-20-л-с-до-14-7-квт-включительно,тыс. руб.,1422,2422,,,57
tn,2024,4,3,Мотоциклы и мотороллеры с мощностью двигателя:,"свыше 20 л.с. до 35 л.с. (свыше 14,7 кВт до 25,74 кВт) включительно",s4--свыше-20-л-с-до-35-л-с-свыше-14-7-квт-до-25-74-квт-включительно,тыс. руб.,1423,2423,,,58
tn,2024,4,3,Мотоциклы и мотороллеры с мощностью двигателя:,"свыше 35 л.с. (свыше 25,74 кВт)",s4--мотоциклы-и-мотороллеры-с-мощностью-двигателя--свыше-35-л-с-свыше-25-74-квт,тыс. руб.,1424,2424,,,59
tn,2024,4,2,,Автобусы с мощностью двигателя:,s4--автобусы-с-мощностью-двигателя,тыс. руб.,1425,2425,,,60
tn,2024,4,3,Автобусы с мощностью двигателя:,"до 200 л.с. (до 147,1 кВт) включительно",s4--до-200-л-с-до-147-1-квт-включительно,тыс. руб.,1426,2426,,,61
tn,2024,4,3,Автобусы с мощностью двигателя:,"свыше 200 л.с. (свыше 147,1 кВт)",s4--свыше-200-л-с-свыше-147-1-квт,тыс. руб.,1427,2427,,,62
tn,2024,4,2,,Автомобили грузовые с мощностью двигателя:,s4--автомобили-грузовые-с-мощностью-двигателя,тыс. руб.,1428,2428,,,63
tn,2024,4,3,Автомобили грузовые с мощностью двигателя:,"до 100 л.с. (до 73,55 кВт) включительно",s4--автомобили-грузовые-с-мощностью-двигателя--до-100-л-с-до-73-55-квт-включительно,тыс. руб.,1429,2429,,,64
tn,2024,4,1,,"свыше 100 л.с. до 150 л.с. (свыше 73,55 кВт до 110,33 кВт) включительно",s4--свыше-100-л-с-до-150-л-с-свыше-73-55-квт-до-110-33-квт-включительно,тыс. руб.,1430,2430,,,65
tn,2024,4,1,,"свыше 150 л.с. до 200 л.с. (свыше 110,33 кВт до 147,1 кВт) включительно",s4--свыше-150-л-с-до-200-л-с-свыше-110-33-квт-до-147-1-квт-включительно,тыс. руб.,1431,2431,,,66
tn,2024,4,1,,"свыше 200 л.с. до 250 л.с. (свыше 147,1 кВт до 183,9 кВт) включительно",s4--свыше-200-л-с-до-250-л-с-свыше-147-1-квт-до-183-9-квт-включительно,тыс. руб.,1432,2432,,,67
tn,2024,4,1,,"свыше 250 л.с. (свыше 183,9 кВт)",s4--свыше-250-л-с-свыше-183-9-квт,тыс. руб.,1433,2433,,,68
tn,2024,4,2,,"Другие самоходные транспортные средства, машины и механизмы на пневматическом и гусеничном ходу",s4--другие-самоходные-транспортные-средства-машины-и-механизмы-на-пневматическом-и-гусеничном-ходу,тыс. руб.,1434,2434,,,69
tn,2024,4,2,,"Снегоходы, мотосани с мощностью двигателя:",s4--снегоходы-мотосани-с-мощностью-двигателя,тыс. руб.,1435,2435,,,70
tn,2024,4,3,"Снегоходы, мотосани с мощностью двигателя:","до 50 л.с. (до 36,77 кВт) включительно",s4--до-50-л-с-до-36-77-квт-включительно,тыс. руб.,1436,2436,,,71
tn,2024,4,3,"Снегоходы, мотосани с мощностью двигателя:","свыше 50 л.с. (свыше 36,77 кВт)",s4--свыше-50-л-с-свыше-36-77-квт,тыс. руб.,1437,2437,,,72
tn,2024,4,3,"Снегоходы, мотосани с мощностью двигателя:",из них зарегистрированных в подразделениях Госавтоинспекции МВД России,s4--снегоходы-мотосани-с-мощностью-двигателя--из-них-зарегистрированных-в-подразделениях-госавтоинспекции-мвд-россии,тыс. руб.,1438,2438,,,73
tn,2024,4,1,,по водным транспортным средствам,s4--по-водным-транспортным-средствам,тыс. руб.,1450,2440,,,74
tn,2024,4,2,,"Катера, моторные лодки и другие водные транспортные средства с мощностью двигателя:",s4--катера-моторные-лодки-и-другие-водные-транспортные-средства-с-мощностью-двигателя,тыс. руб.,1451,2441,,,75
tn,2024,4,3,"Катера, моторные лодки и другие водные транспортные средства с мощностью двигателя:","до 100 л.с. (до 73,55 кВт) включительно",s4--катера-моторные-лодки-и-другие-водные-транспортные-средства-с-мощностью-двигателя--до-100-л-с-до-73-55-квт-включительно,тыс. руб.,1452,2442,,,76
tn,2024,4,3,"Катера, моторные лодки и другие водные транспортные средства с мощностью двигателя:","свыше 100 л.с. (свыше 73,55 кВт)",s4--катера-моторные-лодки-и-другие-водные-транспортные-средства-с-мощностью-двигателя--свыше-100-л-с-свыше-73-55-квт,тыс. руб.,1453,2443,,,77
tn,2024,4,2,,Яхты и другие парусно - моторные суда с мощностью двигателя:,s4--яхты-и-другие-парусно-моторные-суда-с-мощностью-двигателя,тыс. руб.,1454,2444,,,78
tn,2024,4,3,Яхты и другие парусно - моторные суда с мощностью двигателя:,"до 100 л.с. (до 73,55 кВт) включительно",s4--яхты-и-другие-парусно-моторные-суда-с-мощностью-двигателя--до-100-л-с-до-73-55-квт-включительно,тыс. руб.,1455,2445,,,79
tn,2024,4,3,Яхты и другие парусно - моторные суда с мощностью двигателя:,"свыше 100 л.с. (свыше 73,55 кВт)",s4--яхты-и-другие-парусно-моторные-суда-с-мощностью-двигателя--свыше-100-л-с-свыше-73-55-квт,тыс. руб.,1456,2446,,,80
tn,2024,4,2,,Гидроциклы с мощностью двигателя:,s4--гидроциклы-с-мощностью-двигателя,тыс. руб.,1457,2447,,,81
tn,2024,4,3,Гидроциклы с мощностью двигателя:,"до 100 л.с. (до 73,55 кВт) включительно",s4--гидроциклы-с-мощностью-двигателя--до-100-л-с-до-73-55-квт-включительно,тыс. руб.,1458,2448,,,82
tn,2024,4,3,Гидроциклы с мощностью двигателя:,"свыше 100 л.с. (свыше 73,55 кВт)",s4--гидроциклы-с-мощностью-двигателя--свыше-100-л-с-свыше-73-55-квт,тыс. руб.,1459,2449,,,83
tn,2024,4,2,,"Несамоходные (буксируемые) суда, для которых определяется валовая вместимость (с каждой регистровой тонны валовой вместимости)",s4--несамоходные-буксируемые-суда-для-которых-определяется-валовая-вместимость-с-каждои-регистровои-тонны-валовои-вместимости,тыс. руб.,1460,2450,,,84
tn,2024,4,1,,по воздушным транспортным средствам,s4--по-воздушным-транспортным-средствам,тыс. руб.,1470,2460,,,85
tn,2024,5,0,,"Сумма налога, не поступившая в бюджет в связи с предоставлением налогоплательщикам налоговых льгот, в том числе:",s5--сумма-налога-не-поступившая-в-бюджет-в-связи-с-предоставлением-налогоплательщикам-налоговых-льгот-в-том-числе,тыс. руб.,1500,2500,,,86
tn,2025,1,0,,"Количество налогоплательщиков, которым(и) начислен налог к уплате в бюджет, единиц",s1--количество-налогоплательщиков-которым-и-начислен-налог-к-уплате-в-бюджет-единиц,единиц,1100,2100,,,1
tn,2025,1,1,,которым исчислен налог и не предоставлены налоговые льготы,s1--которым-исчислен-налог-и-не-предоставлены-налоговые-льготы,единиц,1110,2110,,,2
tn,2025,1,1,,которым предоставлены налоговые льготы,s1--которым-предоставлены-налоговые-льготы,единиц,1120,2120,,,3
tn,2025,2,0,,"Количество транспортных средств в базе данных налогового органа - всего, единиц, в том числе:",s2--количество-транспортных-средств-в-базе-данных-налогового-органа-всего-единиц-в-том-числе,единиц,1200,2200,,,4
tn,2025,2,1,,наземных транспортных средств,s2--наземных-транспортных-средств,единиц,1210,2210,,,5
tn,2025,2,1,,водных транспортных средств,s2--водных-транспортных-средств,единиц,1220,2220,,,6
tn,2025,2,1,,воздушных транспортных средств,s2--воздушных-транспортных-средств,единиц,1230,2230,,,7
tn,2025,3,0,,"Количество транспортных средств, по которым начислен налог к уплате в бюджет - всего, единиц, в том числе:",s3--количество-транспортных-средств-по-которым-начислен-налог-к-уплате-в-бюджет-всего-единиц-в-том-числе,единиц,1300,2300,,,8
tn,2025,3,1,,наземных транспортных средств,s3--наземных-транспортных-средств,единиц,1310,2310,,,9
tn,2025,3,2,,Автомобили легковые с мощностью двигателя:,s3--автомобили-легковые-с-мощностью-двигателя,единиц,1311,2311,,,10
tn,2025,3,3,Автомобили легковые с мощностью двигателя:,"до 100 л.с. (до 73,55 кВт) включительно",s3--автомобили-легковые-с-мощностью-двигателя--до-100-л-с-до-73-55-квт-включительно,единиц,1312,2312,,,11
tn,2025,3,3,Автомобили легковые с мощностью двигателя:,"свыше 100 л.с. до 150 л.с. (свыше 73,55 кВт до 110,33 кВт) включительно",s3--автомобили-легковые-с-мощностью-двигателя--свыше-100-л-с-до-150-л-с-свыше-73-55-квт-до-110-33-квт-включительно,единиц,1313,2313,,,12
tn,2025,3,3,Автомобили легковые с мощностью двигателя:,"свыше 150 л.с. до 200 л.с. (свыше 110,33 кВт до 147,1 кВт) включительно",s3--автомобили-легковые-с-мощностью-двигателя--свыше-150-л-с-до-200-л-с-свыше-110-33-квт-до-147-1-квт-включительно,единиц,1314,2314,,,13
tn,2025,3,3,Автомобили легковые с мощностью двигателя:,"свыше 200 л.с. до 250 л.с. (свыше 147,1 кВт до 183,9 кВт) включительно",s3--автомобили-легковые-с-мощностью-двигателя--свыше-200-л-с-до-250-л-с-свыше-147-1-квт-до-183-9-квт-включительно,единиц,1315,2315,,,14
tn,2025,3,3,Автомобили легковые с мощностью двигателя:,"свыше 250 л.с. (свыше 183,9 кВт)",s3--автомобили-легковые-с-мощностью-двигателя--свыше-250-л-с-свыше-183-9-квт,единиц,1316,2316,,,15
tn,2025,3,3,Автомобили легковые с мощностью двигателя:,коэффициент 3,s3--автомобили-легковые-с-мощностью-двигателя--коэффициент-3,единиц,1371,2371,,,16
tn,2025,3,2,,Мотоциклы и мотороллеры с мощностью двигателя:,s3--мотоциклы-и-мотороллеры-с-мощностью-двигателя,единиц,1321,2321,,,17
tn,2025,3,3,Мотоциклы и мотороллеры с мощностью двигателя:,"до 20 л.с. (до 14,7 кВт) включительно",s3--до-20-л-с-до-14-7-квт-включительно,единиц,1322,2322,,,18
tn,2025,3,3,Мотоциклы и мотороллеры с мощностью двигателя:,"свыше 20 л.с. до 35 л.с. (свыше 14,7 кВт до 25,74 кВт) включительно",s3--свыше-20-л-с-до-35-л-с-свыше-14-7-квт-до-25-74-квт-включительно,единиц,1323,2323,,,19
tn,2025,3,3,Мотоциклы и мотороллеры с мощностью двигателя:,"свыше 35 л.с. (свыше 25,74 кВт)",s3--мотоциклы-и-мотороллеры-с-мощностью-двигателя--свыше-35-л-с-свыше-25-74-квт,единиц,1324,2324,,,20
tn,2025,3,2,,Автобусы с мощностью двигателя:,s3--автобусы-с-мощностью-двигателя,единиц,1325,2325,,,21
tn,2025,3,3,Автобусы с мощностью двигателя:,"до 200 л.с. (до 147,1 кВт) включительно",s3--до-200-л-с-до-147-1-квт-включительно,единиц,1326,2326,,,22
tn,2025,3,3,Автобусы с мощностью двигателя:,"свыше 200 л.с. (свыше 147,1 кВт)",s3--свыше-200-л-с-свыше-147-1-квт,единиц,1327,2327,,,23
tn,2025,3,2,,Автомобили грузовые с мощностью двигателя:,s3--автомобили-грузовые-с-мощностью-двигателя,единиц,1328,2328,,,24
tn,2025,3,3,Автомобили грузовые с мощностью двигателя:,"до 100 л.с. (до 73,55 кВт) включительно",s3--автомобили-грузовые-с-мощностью-двигателя--до-100-л-с-до-73-55-квт-включительно,единиц,1329,2329,,,25
tn,2025,3,1,,"свыше 100 л.с. до 150 л.с. (свыше 73,55 кВт до 110,33 кВт) включительно",s3--свыше-100-л-с-до-150-л-с-свыше-73-55-квт-до-110-33-квт-включительно,единиц,1330,2330,,,26
tn,2025,3,1,,"свыше 150 л.с. до 200 л.с. (свыше 110,33 кВт до 147,1 кВт) включительно",s3--свыше-150-л-с-до-200-л-с-свыше-110-33-квт-до-147-1-квт-включительно,единиц,1331,2331,,,27
tn,2025,3,1,,"свыше 200 л.с. до 250 л.с. (свыше 147,1 кВт до 183,9 кВт) включительно",s3--свыше-200-л-с-до-250-л-с-свыше-147-1-квт-до-183-9-квт-включительно,единиц,1332,2332,,,28
tn,2025,3,1,,"свыше 250 л.с. (свыше 183,9 кВт)",s3--свыше-250-л-с-свыше-183-9-квт,единиц,1333,2333,,,29
tn,2025,3,2,,"Другие самоходные транспортные средства, машины и механизмы на пневматическом и гусеничном ходу",s3--другие-самоходные-транспортные-средства-машины-и-механизмы-на-пневматическом-и-гусеничном-ходу,единиц,1334,2334,,,30
tn,2025,3,2,,"Снегоходы, мотосани с мощностью двигателя:",s3--снегоходы-мотосани-с-мощностью-двигателя,единиц,1335,2335,,,31
tn,2025,3,3,"Снегоходы, мотосани с мощностью двигателя:","до 50 л.с. (до 36,77 кВт) включительно",s3--до-50-л-с-до-36-77-квт-включительно,единиц,1336,2336,,,32
tn,2025,3,3,"Снегоходы, мотосани с мощностью двигателя:","свыше 50 л.с. (свыше 36,77 кВт)",s3--свыше-50-л-с-свыше-36-77-квт,единиц,1337,2337,,,33
tn,2025,3,3,"Снегоходы, мотосани с мощностью двигателя:",из них зарегистрированных в подразделениях Госавтоинспекции МВД России,s3--снегоходы-мотосани-с-мощностью-двигателя--из-них-зарегистрированных-в-подразделениях-госавтоинспекции-мвд-россии,единиц,1338,2338,,,34
tn,2025,3,1,,водных транспортных средств,s3--водных-транспортных-средств,единиц,1350,2340,,,35
tn,2025,3,2,,"Катера, моторные лодки и другие водные транспортные средства с мощностью двигателя:",s3--катера-моторные-лодки-и-другие-водные-транспортные-средства-с-мощностью-двигателя,единиц,1351,2341,,,36
tn,2025,3,3,"Катера, моторные лодки и другие водные транспортные средства с мощностью двигателя:","до 100 л.с. (до 73,55 кВт) включительно",s3--катера-моторные-лодки-и-другие-водные-транспортные-средства-с-мощностью-двигателя--до-100-л-с-до-73-55-квт-включительно,единиц,1352,2342,,,37
tn,2025,3,3,"Катера, моторные лодки и другие водные транспортные средства с мощностью двигателя:","свыше 100 л.с. (свыше 73,55 кВт)",s3--катера-моторные-лодки-и-другие-водные-транспортные-средства-с-мощностью-двигателя--свыше-100-л-с-свыше-73-55-квт,единиц,1353,2343,,,38
tn,2025,3,2,,Яхты и другие парусно - моторные суда с мощностью двигателя:,s3--яхты-и-другие-парусно-моторные-суда-с-мощностью-двигателя,единиц,1354,2344,,,39
tn,2025,3,3,Яхты и другие парусно - моторные суда с мощностью двигателя:,"до 100 л.с. (до 73,55 кВт) включительно",s3--яхты-и-другие-парусно-моторные-суда-с-мощностью-двигателя--до-100-л-с-до-73-55-квт-включительно,единиц,1355,2345,,,40
tn,2025,3,3,Яхты и другие парусно - моторные суда с мощностью двигателя:,"свыше 100 л.с. (свыше 73,55 кВт)",s3--яхты-и-другие-парусно-моторные-суда-с-мощностью-двигателя--свыше-100-л-с-свыше-73-55-квт,единиц,1356,2346,,,41
tn,2025,3,2,,Гидроциклы с мощностью двигателя:,s3--гидроциклы-с-мощностью-двигателя,единиц,1357,2347,,,42
tn,2025,3,3,Гидроциклы с мощностью двигателя:,"до 100 л.с. (до 73,55 кВт) включительно",s3--гидроциклы-с-мощностью-двигателя--до-100-л-с-до-73-55-квт-включительно,единиц,1358,2348,,,43
tn,2025,3,3,Гидроциклы с мощностью двигателя:,"свыше 100 л.с. (свыше 73,55 кВт)",s3--гидроциклы-с-мощностью-двигателя--свыше-100-л-с-свыше-73-55-квт,единиц,1359,2349,,,44
tn,2025,3,2,,"Несамоходные (буксируемые) суда, для которых определяется валовая вместимость (с каждой регистровой тонны валовой вместимости)",s3--несамоходные-буксируемые-суда-для-которых-определяется-валовая-вместимость-с-каждои-регистровои-тонны-валовои-вместимости,единиц,1360,2350,,,45
tn,2025,3,1,,воздушных транспортных средств,s3--воздушных-транспортных-средств,единиц,1370,2360,,,46
tn,2025,4,0,,"Сумма налога, подлежащая уплате в бюджет - всего, тыс. руб.., в том числе:",s4--сумма-налога-подлежащая-уплате-в-бюджет-всего-тыс-руб-в-том-числе,тыс. руб.,1400,2400,,,47
tn,2025,4,1,,по наземным транспортным средствам,s4--по-наземным-транспортным-средствам,тыс. руб.,1410,2410,,,48
tn,2025,4,2,,Автомобили легковые с мощностью двигателя:,s4--автомобили-легковые-с-мощностью-двигателя,тыс. руб.,1411,2411,,,49
tn,2025,4,3,Автомобили легковые с мощностью двигателя:,"до 100 л.с. (до 73,55 кВт) включительно",s4--автомобили-легковые-с-мощностью-двигателя--до-100-л-с-до-73-55-квт-включительно,тыс. руб.,1412,2412,,,50
tn,2025,4,3,Автомобили легковые с мощностью двигателя:,"свыше 100 л.с. до 150 л.с. (свыше 73,55 кВт до 110,33 кВт) включительно",s4--автомобили-легковые-с-мощностью-двигателя--свыше-100-л-с-до-150-л-с-свыше-73-55-квт-до-110-33-квт-включительно,тыс. руб.,1413,2413,,,51
tn,2025,4,3,Автомобили легковые с мощностью двигателя:,"свыше 150 л.с. до 200 л.с. (свыше 110,33 кВт до 147,1 кВт) включительно",s4--автомобили-легковые-с-мощностью-двигателя--свыше-150-л-с-до-200-л-с-свыше-110-33-квт-до-147-1-квт-включительно,тыс. руб.,1414,2414,,,52
tn,2025,4,3,Автомобили легковые с мощностью двигателя:,"свыше 200 л.с. до 250 л.с. (свыше 147,1 кВт до 183,9 кВт) включительно",s4--автомобили-легковые-с-мощностью-двигателя--свыше-200-л-с-до-250-л-с-свыше-147-1-квт-до-183-9-квт-включительно,тыс. руб.,1415,2415,,,53
tn,2025,4,3,Автомобили легковые с мощностью двигателя:,"свыше 250 л.с. (свыше 183,9 кВт)",s4--автомобили-легковые-с-мощностью-двигателя--свыше-250-л-с-свыше-183-9-квт,тыс. руб.,1416,2416,,,54
tn,2025,4,3,Автомобили легковые с мощностью двигателя:,коэффициент 3,s4--автомобили-легковые-с-мощностью-двигателя--коэффициент-3,тыс. руб.,1417,2417,,,55
tn,2025,4,2,,Мотоциклы и мотороллеры с мощностью двигателя:,s4--мотоциклы-и-мотороллеры-с-мощностью-двигателя,тыс. руб.,1421,2421,,,56
tn,2025,4,3,Мотоциклы и мотороллеры с мощностью двигателя:,"до 20 л.с. (до 14,7 кВт) включительно",s4--до-20-л-с-до-14-7-квт-включительно,тыс. руб.,1422,2422,,,57
tn,2025,4,3,Мотоциклы и мотороллеры с мощностью двигателя:,"свыше 20 л.с. до 35 л.с. (свыше 14,7 кВт до 25,74 кВт) включительно",s4--свыше-20-л-с-до-35-л-с-свыше-14-7-квт-до-25-74-квт-включительно,тыс. руб.,1423,2423,,,58
tn,2025,4,3,Мотоциклы и мотороллеры с мощностью двигателя:,"свыше 35 л.с. (свыше 25,74 кВт)",s4--мотоциклы-и-мотороллеры-с-мощностью-двигателя--свыше-35-л-с-свыше-25-74-квт,тыс. руб.,1424,2424,,,59
tn,2025,4,2,,Автобусы с мощностью двигателя:,s4--автобусы-с-мощностью-двигателя,тыс. руб.,1425,2425,,,60
tn,2025,4,3,Автобусы с мощностью двигателя:,"до 200 л.с. (до 147,1 кВт) включительно",s4--до-200-л-с-до-147-1-квт-включительно,тыс. руб.,1426,2426,,,61
tn,2025,4,3,Автобусы с мощностью двигателя:,"свыше 200 л.с. (свыше 147,1 кВт)",s4--свыше-200-л-с-свыше-147-1-квт,тыс. руб.,1427,2427,,,62
tn,2025,4,2,,Автомобили грузовые с мощностью двигателя:,s4--автомобили-грузовые-с-мощностью-двигателя,тыс. руб.,1428,2428,,,63
tn,2025,4,3,Автомобили грузовые с мощностью двигателя:,"до 100 л.с. (до 73,55 кВт) включительно",s4--автомобили-грузовые-с-мощностью-двигателя--до-100-л-с-до-73-55-квт-включительно,тыс. руб.,1429,2429,,,64
tn,2025,4,1,,"свыше 100 л.с. до 150 л.с. (свыше 73,55 кВт до 110,33 кВт) включительно",s4--свыше-100-л-с-до-150-л-с-свыше-73-55-квт-до-110-33-квт-включительно,тыс. руб.,1430,2430,,,65
tn,2025,4,1,,"свыше 150 л.с. до 200 л.с. (свыше 110,33 кВт до 147,1 кВт) включительно",s4--свыше-150-л-с-до-200-л-с-свыше-110-33-квт-до-147-1-квт-включительно,тыс. руб.,1431,2431,,,66
tn,2025,4,1,,"свыше 200 л.с. до 250 л.с. (свыше 147,1 кВт до 183,9 кВт) включительно",s4--свыше-200-л-с-до-250-л-с-свыше-147-1-квт-до-183-9-квт-включительно,тыс. руб.,1432,2432,,,67
tn,2025,4,1,,"свыше 250 л.с. (свыше 183,9 кВт)",s4--свыше-250-л-с-свыше-183-9-квт,тыс. руб.,1433,2433,,,68
tn,2025,4,2,,"Другие самоходные транспортные средства, машины и механизмы на пневматическом и гусеничном ходу",s4--другие-самоходные-транспортные-средства-машины-и-механизмы-на-пневматическом-и-гусеничном-ходу,тыс. руб.,1434,2434,,,69
tn,2025,4,2,,"Снегоходы, мотосани с мощностью двигателя:",s4--снегоходы-мотосани-с-мощностью-двигателя,тыс. руб.,1435,2435,,,70
tn,2025,4,3,"Снегоходы, мотосани с мощностью двигателя:","до 50 л.с. (до 36,77 кВт) включительно",s4--до-50-л-с-до-36-77-квт-включительно,тыс. руб.,1436,2436,,,71
tn,2025,4,3,"Снегоходы, мотосани с мощностью двигателя:","свыше 50 л.с. (свыше 36,77 кВт)",s4--свыше-50-л-с-свыше-36-77-квт,тыс. руб.,1437,2437,,,72
tn,2025,4,3,"Снегоходы, мотосани с мощностью двигателя:",из них зарегистрированных в подразделениях Госавтоинспекции МВД России,s4--снегоходы-мотосани-с-мощностью-двигателя--из-них-зарегистрированных-в-подразделениях-госавтоинспекции-мвд-россии,тыс. руб.,1438,2438,,,73
tn,2025,4,1,,по водным транспортным средствам,s4--по-водным-транспортным-средствам,тыс. руб.,1450,2440,,,74
tn,2025,4,2,,"Катера, моторные лодки и другие водные транспортные средства с мощностью двигателя:",s4--катера-моторные-лодки-и-другие-водные-транспортные-средства-с-мощностью-двигателя,тыс. руб.,1451,2441,,,75
tn,2025,4,3,"Катера, моторные лодки и другие водные транспортные средства с мощностью двигателя:","до 100 л.с. (до 73,55 кВт) включительно",s4--катера-моторные-лодки-и-другие-водные-транспортные-средства-с-мощностью-двигателя--до-100-л-с-до-73-55-квт-включительно,тыс. руб.,1452,2442,,,76
tn,2025,4,3,"Катера, моторные лодки и другие водные транспортные средства с мощностью двигателя:","свыше 100 л.с. (свыше 73,55 кВт)",s4--катера-моторные-лодки-и-другие-водные-транспортные-средства-с-мощностью-двигателя--свыше-100-л-с-свыше-73-55-квт,тыс. руб.,1453,2443,,,77
tn,2025,4,2,,Яхты и другие парусно - моторные суда с мощностью двигателя:,s4--яхты-и-другие-парусно-моторные-суда-с-мощностью-двигателя,тыс. руб.,1454,2444,,,78
tn,2025,4,3,Яхты и другие парусно - моторные суда с мощностью двигателя:,"до 100 л.с. (до 73,55 кВт) включительно",s4--яхты-и-другие-парусно-моторные-суда-с-мощностью-двигателя--до-100-л-с-до-73-55-квт-включительно,тыс. руб.,1455,2445,,,79
tn,2025,4,3,Яхты и другие парусно - моторные суда с мощностью двигателя:,"свыше 100 л.с. (свыше 73,55 кВт)",s4--яхты-и-другие-парусно-моторные-суда-с-мощностью-двигателя--свыше-100-л-с-свыше-73-55-квт,тыс. руб.,1456,2446,,,80
tn,2025,4,2,,Гидроциклы с мощностью двигателя:,s4--гидроциклы-с-мощностью-двигателя,тыс. руб.,1457,2447,,,81
tn,2025,4,3,Гидроциклы с мощностью двигателя:,"до 100 л.с. (до 73,55 кВт) включительно",s4--гидроциклы-с-мощностью-двигателя--до-100-л-с-до-73-55-квт-включительно,тыс. руб.,1458,2448,,,82
tn,2025,4,3,Гидроциклы с мощностью двигателя:,"свыше 100 л.с. (свыше 73,55 кВт)",s4--гидроциклы-с-мощностью-двигателя--свыше-100-л-с-свыше-73-55-квт,тыс. руб.,1459,2449,,,83
tn,2025,4,2,,"Несамоходные (буксируемые) суда, для которых определяется валовая вместимость (с каждой регистровой тонны валовой вместимости)",s4--несамоходные-буксируемые-суда-для-которых-определяется-валовая-вместимость-с-каждои-регистровои-тонны-валовои-вместимости,тыс. руб.,1460,2450,,,84
tn,2025,4,1,,по воздушным транспортным средствам,s4--по-воздушным-транспортным-средствам,тыс. руб.,1470,2460,,,85
tn,2025,5,0,,"Сумма налога, не поступившая в бюджет в связи с предоставлением налогоплательщикам налоговых льгот, в том числе:",s5--сумма-налога-не-поступившая-в-бюджет-в-связи-с-предоставлением-налогоплательщикам-налоговых-льгот-в-том-числе,тыс. руб.,1500,2500,,,86
